"Video asset ID","Universal video ID","Page ID","Page name",Title,"Duration (sec)","Publish time","Custom labels",Comment,Date,"Views by top audience (M)","Views by top audience (F)","Views by top audience (13-17, F)","Views by top audience (13-17, M)","Views by top audience (18-24, F)","Views by top audience (18-24, M)","Views by top audience (25-34, F)","Views by top audience (25-34, M)","Views by top audience (35-44, F)","Views by top audience (35-44, M)","Views by top audience (45-54, F)","Views by top audience (45-54, M)","Views by top audience (55-64, F)","Views by top audience (55-64, M)","Views by top audience (65+, F)","Views by top audience (65+, M)","Views by top audience (13-17)","Views by top audience (18-24)","Views by top audience (25-34)","Views by top audience (35-44)","Views by top audience (45-54)","Views by top audience (55-64)","Views by top audience (65+)","Averaged Seconds Viewed","Unique Video 60-Second Views","Seconds Viewed","60-Second Video Views","3-Second Video Views","People reached",Likes,Comments,Shares,Impressions,"Views by country (Philippines (PH))","Views by country (New Zealand (NZ))","Views by country (Chile (CL))","Views by country (Czech Republic (CZ))","Views by country (Belgium (BE))","Views by country (Romania (RO))","Views by country (Portugal (PT))","Views by country (Sweden (SE))","Views by country (Pakistan (PK))","Views by country (Malaysia (MY))","Views by country (Denmark (DK))","Views by country (Slovakia (SK))","Views by country (Turkey (TR))","Views by country (Thailand (TH))","Views by country (Bulgaria (BG))","Views by country (Austria (AT))","Views by country (Trinidad and Tobago (TT))","Views by country (Ukraine (UA))","Views by country (Serbia (RS))","Views by country (Costa Rica (CR))","Views by country (Norway (NO))","Views by country (Israel (IL))","Views by country (Ecuador (EC))","Views by country (Egypt (EG))","Views by country (Indonesia (ID))","Views by country (United States (US))","Views by country (Canada (CA))","Views by country (United Kingdom (GB))","Views by country (Mexico (MX))","Views by country (Australia (AU))","Views by country (France (FR))","Views by country (Germany (DE))","Views by country (Brazil (BR))","Views by country (Spain (ES))","Views by country (Greece (GR))","Views by country (South Africa (ZA))","Views by country (Poland (PL))","Views by country (Netherlands (NL))","Views by country (Puerto Rico (PR))","Views by country (Ireland (IE))","Views by country (Italy (IT))","Views by country (India (IN))","Views by country (Argentina (AR))","Views by country (Colombia (CO))","Views by country (Hungary (HU))","Views by country (Peru (PE))","Views by country (Singapore (SG))","Views by country (Guatemala (GT))","Views by country (Dominican Republic (DO))","Views by country (Lithuania (LT))","Views by country (Algeria (DZ))","Views by country (Réunion (RE))","Views by country (Tunisia (TN))","Views by country (Croatia (HR))","Views by country (Switzerland (CH))","Views by country (Uruguay (UY))","Views by country (Finland (FI))","Views by country (Bangladesh (BD))","Views by country (Slovenia (SI))","Views by country (Hong Kong (HK))","Views by country (Myanmar (MM))","Views by country (Mongolia (MN))","Views by country (Estonia (EE))","Views by country (Cuba (CU))","Views by country (United Arab Emirates (AE))","Views by country (Venezuela (VE))","Views by country (Latvia (LV))","Views by country (Nicaragua (NI))","Views by country (Honduras (HN))","Views by country (Paraguay (PY))","Views by country (Japan (JP))","Views by country (Sri Lanka (LK))","Views by country (Bosnia and Herzegovina (BA))","Views by country (Macedonia (MK))","Views by country (Syria (SY))","Views by country (El Salvador (SV))","Views by country (Bolivia (BO))"
618222283055231,,201765839840980,Hometalk,"Wipe down your bathroom cabinets - this is BRILLIANT!",337,"04/03/2023 15:04",,,Lifetime,2862,34461,29,5,318,68,2056,224,4648,399,7029,518,9457,614,10924,1034,34,394,2299,5089,7609,10172,12087,23.33,9886,2747596.96,10050,37684,134277,587,23,101,139519,260,130,183,163,149,115,157,60,96,100,80,96,58,58,105,65,45,61,61,,,70,62,61,50,23287,2806,1414,1056,719,620,340,400,444,323,428,335,186,194,206,345,199,235,168,238,56,,,,,51,,,,,,,,,,,,,,,,,,,,,,,,,,
580879873779565,,201765839840980,Hometalk,"Turn a 99 cent frame into THIS!",202,"04/04/2023 15:04",,,Lifetime,9154,102751,86,26,1439,280,9329,1157,17813,1721,23124,1898,26163,1961,24797,2111,114,1740,10549,19669,25209,28355,27165,16.53,8720,3479487.14,8720,112802,221561,992,9,207,236025,772,399,783,660,580,572,575,285,641,309,346,423,253,228,428,252,,256,297,232,179,196,203,179,,61886,6334,4293,4073,1723,2620,1579,1644,2085,1103,1326,1364,732,619,690,1263,1190,1109,1002,1240,265,,,,,,,,227,,,,,,,,,,,,,,,,,,,,,,,
745645600279104,,201765839840980,Hometalk,"Buy a Home Depot table leg for this GENIUS idea!",205,"04/05/2023 15:04",,,Lifetime,8600,77531,44,16,615,160,3818,633,9545,1145,16410,1618,22732,2137,24367,2891,61,791,4488,10799,18167,25084,27507,30.64,29505,5629755.05,29505,86900,240569,1564,55,293,246413,546,300,340,330,341,268,306,199,191,161,193,207,116,113,207,138,,116,125,87,106,127,91,86,,57274,5494,3072,1850,1601,1464,902,709,965,627,953,671,482,414,358,763,442,464,416,563,113,,,,,,,,116,,,,,,,,,,,,,,,,,,,,,,,
219987103958501,,201765839840980,Hometalk,"Dip an old CD in water (BRILLIANT!)",192,"04/07/2023 15:04",,,Lifetime,12212,93282,58,24,873,200,5528,861,12639,1684,19080,2231,26834,3075,28270,4137,82,1091,6440,14458,21484,30170,32740,29.47,48898,7210095.17,48898,106467,304124,1044,45,221,339816,678,556,433,471,468,366,329,331,331,242,396,350,166,118,246,204,,143,187,137,172,212,,,120,62023,6319,6792,2005,3509,1724,1377,838,1356,940,1941,929,856,386,581,970,834,682,557,1137,162,,,,,,,,166,130,,,,,,,,,,,,,,,,,,,,,,
605586651491403,,201765839840980,Hometalk,"The GENIUS folding table hack that shocks EVERYONE!",234,"04/09/2023 15:04",,,Lifetime,98841,393372,431,180,5748,1842,35740,11257,73851,22270,92487,23785,95637,19975,89478,19532,620,7722,47351,97020,117241,116650,110076,19.97,91203,21005837.58,91203,496684,1142157,4386,155,1737,1264860,2260,1019,1644,1533,1341,1026,1343,842,1017,754,784,794,564,607,723,459,,438,431,517,395,663,492,365,,371070,21825,10986,10729,5869,7237,3007,3231,4833,2652,3160,3156,1822,1906,1489,2483,2042,2272,1845,2308,579,,,,,,,,385,,,,,,,,,,,,,,,,,,,,,,,
1394501651362669,,201765839840980,Hometalk,"Handy husband discovers abandoned pallet. Look what happens next!",247,"04/10/2023 15:04",,,Lifetime,50584,142196,85,36,1013,464,5588,2183,14263,4814,25195,8192,40598,14140,55454,20755,123,1513,7842,19287,33705,55273,76995,30.15,55050,12251050.45,55224,194743,464388,2013,93,315,520447,571,782,596,1261,1629,460,657,758,242,246,629,449,214,,422,360,,197,251,155,247,318,,,,115155,20324,10329,2337,2940,7171,2622,993,2091,1364,1926,1624,1649,472,1510,3360,487,878,456,1113,,,,,182,,,,277,226,,197,,180,,,,,,,,,,,,,,,,,,
186799677473206,,201765839840980,Hometalk,"Squeeze Dollar Store glue onto a pot (BRILLIANT!)",186,"04/11/2023 15:04",,,Lifetime,5825,65233,108,29,938,191,4932,647,10296,963,15003,1149,17377,1305,16579,1541,139,1150,5636,11337,16273,18828,18282,18.69,13583,3119035.09,13825,71645,199375,1103,15,219,199375,377,204,372,346,346,264,299,182,237,193,166,194,126,102,217,149,,118,137,124,90,183,,104,,42252,4168,2755,2682,1100,1582,958,1150,933,646,733,682,458,512,362,773,510,534,617,591,129,,,103,,,,,103,,,,,,,,,,,,,,,,,,,,,,,
756435769434812,,201765839840980,Hometalk,"Buy a bag of concrete at Home Depot for this brilliant idea!",209,"04/12/2023 15:04",,,Lifetime,6022,39131,30,10,267,96,1738,407,4321,746,7686,1097,11516,1516,13573,2150,40,372,2159,5115,8853,13140,15857,25.16,13234,2641009.59,13277,45536,125192,489,35,97,132715,250,161,139,144,172,139,131,89,112,119,84,103,63,55,99,74,41,50,58,46,,71,,39,57,30827,2737,1787,890,680,680,431,374,407,274,431,277,228,243,239,375,269,173,181,302,57,,,,,,,,55,,,,,,,,,,,,,,,,,,,,,,,
199753986118627,,201765839840980,Hometalk,"Run to the Dollar Store for this BRILLIANT laundry basket hack!",227,"04/14/2023 15:04",,,Lifetime,23278,397290,524,154,6561,950,33519,2776,71178,3864,99098,4540,97498,4963,88912,6031,686,7622,36544,75586,104368,103210,95699,28.88,115393,23511316.82,115393,423725,944826,6642,148,1844,1024682,1705,1018,1420,1732,1515,877,1459,798,972,1055,618,707,573,965,650,699,430,433,429,501,,1143,466,607,,288639,21903,11652,13087,6016,8215,4603,4247,4479,2923,3623,2569,1840,2248,1589,3736,2836,1732,2544,1562,544,,427,,,,,,,,,,,,,,,,,,,,,,,,,,,,,
1186870155365633,,201765839840980,Hometalk,"Double your kitchen storage (for $20) with this BRILLIANT idea!",184,"04/16/2023 15:04",,,Lifetime,5056,65934,54,27,688,133,4304,499,10117,871,16208,1051,18177,1203,16386,1272,82,832,4837,11068,17395,19503,17797,20.64,18130,3598342.19,18537,71517,194657,1336,47,507,206525,483,259,442,496,439,511,433,191,314,206,209,322,184,134,395,215,,210,198,102,,148,112,118,,36489,3770,2699,2011,1092,2693,1602,1141,1626,1277,686,1069,497,431,316,1398,612,753,747,740,158,,,,,,,,131,139,,,,,,,,,,,,,,,,,,,,,,
180372161544882,,201765839840980,Hometalk,"Look what she did with a Dollar Store solar light! (BRILLIANT!)",181,"04/17/2023 15:04",,,Lifetime,56553,258397,247,70,3159,1091,14264,4582,34087,9680,57101,12900,73881,13904,75658,14326,321,4345,19013,44127,70610,88448,90696,30.79,127246,21933015.24,128609,317563,845222,1771,258,610,845222,249,828,318,934,922,279,261,829,156,154,487,285,109,,153,334,203,108,134,108,164,162,,,,226676,18438,20616,2252,3229,4674,2658,621,1164,642,1207,1180,1697,663,19277,651,339,448,332,450,,,,,195,,,,108,110,,141,,,,,,,,,,,,,,,,,,,,
890709332036489,,201765839840980,Hometalk,"Wipe down your table to fake this expensive look!",191,"04/18/2023 15:04",,,Lifetime,4360,52927,51,20,683,142,3635,497,7497,705,11179,777,14206,932,15676,1287,72,843,4162,8267,12057,15264,17123,16.56,10405,2277129.78,10627,57789,158249,820,17,138,162884,325,194,355,250,260,296,295,109,241,154,119,155,130,109,183,106,,117,104,105,,130,88,98,,33749,3915,2307,1774,1056,1081,630,880,904,733,530,469,320,258,280,628,396,478,432,460,118,,,67,,,,,85,,,,,,,,,,,,,,,,,,,,,,,
1213465296206590,,201765839840980,Hometalk,"Slice up Dollar Store foam for this GORGEOUS kitchen countertop idea!",262,"04/19/2023 15:04",,,Lifetime,19512,171996,165,71,1621,557,8725,1842,17963,2545,29828,3158,47183,4325,66511,7014,236,2200,10653,20669,33263,51897,74132,26.83,54433,9977635.02,55852,193050,403423,1635,30,252,444967,701,527,633,789,614,555,487,402,508,340,377,378,293,188,418,276,,227,223,181,165,236,,,227,138217,9620,5846,3128,2656,2584,1778,1158,1999,1301,1409,1266,877,650,680,1264,1793,795,629,1135,170,,,,,,,,218,160,,,,,,,,,,,,,,,,,,,,,,
998869541274792,,201765839840980,Hometalk,"6 Walmart bin ideas to make your home prettier & more organized!",181,"04/21/2023 15:04",,,Lifetime,129214,1795818,5659,596,68683,6147,275678,23104,398160,29431,398588,25815,349404,21485,299646,22636,6328,75767,300805,430667,427417,373556,324964,20.1,386701,80329059.6,386701,1939523,4378966,20822,512,7610,4421128,5373,1906,3178,3633,3973,2245,3673,1367,2544,2195,1352,1594,1155,2886,1739,1272,,912,,1069,,1569,1199,2366,,1615632,81021,21051,24057,9470,21217,8658,9627,10469,5632,6686,6025,3159,4642,2348,9821,4889,4279,3885,4728,1284,,,926,,1287,,,,,,,,,1086,,,,,,,,,,,,,,,,,
219767410656174,,201765839840980,Hometalk,"6 genius ways to upgrade your window treatments on a budget!",187,"04/23/2023 15:04",,,Lifetime,5477,71706,58,15,787,144,4469,520,10413,870,16158,1130,20094,1214,19727,1584,74,946,5020,11373,17443,21463,21508,18.03,16874,3590853.76,16874,77827,215834,785,15,203,231140,456,283,459,514,398,305,394,207,266,253,191,229,139,131,276,152,,133,180,118,,128,100,136,100,44276,4617,3220,2362,1375,2219,1070,972,1437,939,797,758,550,411,390,908,579,739,517,794,123,,,,,,,,133,,,,,,,,,,,,,,,,,,,,,,,
1404103447006246,,201765839840980,Hometalk,"The genius backyard idea EVERYONE will be copying!",199,"04/24/2023 10:04",,,Lifetime,978457,854441,483,508,9033,8546,63490,87718,149428,251098,194018,261844,226673,222838,211316,145905,1015,17967,152175,405017,460773,453518,360934,36.84,614134,111895168.51,614134,1851416,3378471,7214,276,1201,3680404,4740,12169,5871,38034,26182,12562,9236,12948,,,10387,13010,5094,3160,8944,10891,,5001,6301,,4402,8696,,,,633925,65988,116655,19573,30561,234557,97501,12374,45974,27455,16270,50363,28862,3154,45031,87598,5574,10885,3415,25772,,,,,4696,,,,7581,6712,,3009,,4876,,,,,,,,,,,,,,3460,3062,,,
1200142820685639,,201765839840980,Hometalk,"Got a blank wall? This is GENIUS!",146,"04/24/2023 15:04",,,Lifetime,2531,25400,13,6,195,56,1307,216,3241,387,5198,486,7228,537,8218,843,19,255,1537,3658,5730,7819,9143,12.04,5225,952469.2,5225,28161,84274,342,15,32,90233,175,124,91,155,130,89,107,62,72,81,54,59,72,34,93,38,,35,43,,,38,,40,48,17708,1778,1119,604,644,546,316,249,358,228,319,247,195,115,152,279,174,149,89,186,35,,,,30,,,,35,32,,,,,,,,,,,,,,,,,,,,,,
735160334979029,,201765839840980,Hometalk,"5 budget ways to fake high-end lighting!",193,"04/25/2023 15:04",,,Lifetime,8211,85202,95,49,1304,292,5910,932,12325,1349,19314,1479,23014,1777,23240,2333,145,1628,6890,13785,20967,24996,25808,17.92,18826,3712998.84,18826,94220,236371,884,22,247,241205,420,253,370,665,388,320,463,293,280,213,214,250,157,153,270,228,,162,185,,115,191,,136,117,56644,5898,3658,1992,2032,2488,1604,1205,1667,1121,904,991,566,349,394,1042,628,556,408,656,,,,,150,,,,168,,,,97,,,,,,,,,,,,,,,,,,,
766952811625477,,201765839840980,Hometalk,"Wrap string light around a Dollar Store basket for this BREATHTAKING idea!",181,"04/26/2023 15:04",,,Lifetime,264683,3480646,2765,819,42153,6578,242569,25717,515555,41592,791447,54076,982335,64318,903822,71583,3656,49516,270399,561563,851823,1054906,983783,31.28,1550994,242301390.03,1550994,3775675,8639971,61625,3670,20335,9087099,9517,18763,6616,13989,12997,5849,6569,14124,5409,3394,7011,4948,2226,,3611,6749,4087,,2565,2269,4079,3248,,2045,,2651713,221646,210107,37879,85771,55403,74932,14330,20002,15752,28658,24978,20187,11216,28628,19770,14722,8083,7119,11504,,,,,3951,,,,2670,3538,,3268,,,,,,,,,,,,,,,,,,,,
551807837081678,,201765839840980,Hometalk,"10 genius kitchen hacks we never would've thought of!",200,"04/28/2023 14:04",,,Lifetime,27479,273648,1062,999,6147,2645,25032,4185,45496,4683,59260,4457,69292,4513,67359,5997,2074,8881,29360,50580,64212,74367,73994,29.06,84150,15335573.32,84888,303473,606450,4648,41,954,628926,3191,1172,1101,7280,2095,2278,1924,1278,8018,2392,1420,1851,2859,3218,1904,1147,,,,,,2966,,2488,1293,90079,11008,11689,4549,4888,8429,5617,3162,5659,8580,5086,5740,2795,,1493,7158,33776,1893,1350,3458,,1047,,,1383,1062,,,,,,,1118,,2385,1056,,,,,,,,,,,1211,,,,,
262263449506053,,201765839840980,Hometalk,"10 genius kitchen hacks we never would've thought of!",200,"04/28/2023 15:04",,,Lifetime,1840,25519,16,5,296,44,1503,206,3251,292,5114,325,7108,387,8231,581,22,345,1716,3571,5495,7554,8899,18.14,6441,1253608.15,6441,27605,78318,281,13,68,82954,137,104,119,119,92,60,129,40,89,57,49,69,35,36,62,33,31,40,46,,,49,,59,,17594,1874,1066,706,612,424,251,283,388,203,254,200,139,138,117,182,202,162,106,165,35,,,33,,33,,,36,,,,,,,,,,,,,,,,,,,,,,,
691853722948741,,201765839840980,Hometalk,"5 gorgeous ways to fake a Pottery Barn look on a budget!",200,"04/30/2023 15:04",,,Lifetime,56058,930891,1015,282,13574,2224,73557,6264,172770,9645,259532,12414,246918,12648,163525,12581,1315,15991,80310,183991,274065,261623,177800,27.28,287420,55255239.35,287420,995100,2142850,19483,285,5062,2292700,3341,3964,4828,16521,10112,7170,8464,6903,3694,,4345,6696,1789,1705,4915,5073,,2560,2978,,2615,3396,,2132,,420541,45948,46254,21481,17944,57190,39187,13894,21191,15840,10333,31587,10872,3716,6061,33642,9765,9292,5178,13773,,,,,3759,1697,,,3263,2812,,1658,,,,,,,,,,,,,,,,,,,,
3056404244655214,,201765839840980,Hometalk,"Tape up your hallway door (BRILLIANT!)",118,"05/01/2023 15:05",,,Lifetime,3365,37253,28,10,327,82,1801,275,4444,511,7727,597,10633,744,12293,1146,39,416,2093,5003,8395,11475,13549,10.91,6354,1122376.5,6354,40973,116859,392,10,56,119830,165,151,168,123,167,128,161,94,70,84,72,58,53,67,107,64,,51,89,,,,47,63,52,26184,2787,1635,961,720,710,385,448,576,337,334,343,223,169,219,401,188,267,200,277,61,,,,,46,,,47,47,,,,,,,,,,,,,,,,,,,,,,
773139391185797,,201765839840980,Hometalk,"6 brilliant ways to makeover Dollar Store bins!",189,"05/02/2023 15:05",,,Lifetime,9380,134100,124,46,1653,304,9794,981,20976,1543,30637,1833,35694,2090,35222,2583,173,1993,10841,22697,32694,38047,38155,23.33,38009,6915243.37,38034,144600,326857,1850,37,658,350482,521,407,771,780,674,402,498,380,456,333,297,355,249,197,370,281,,206,224,224,171,196,196,216,,90205,7944,5055,4840,2183,2931,1810,2158,1825,1320,1344,1337,817,887,613,1497,869,1003,1057,1188,196,,,187,,,,,,,,,,,,,,,,,,,,,,,,,,,,
783635919706663,,201765839840980,Hometalk,"Stuff a pool noodle in a frame for this brilliant decor idea!",482,"05/03/2023 15:05",,,Lifetime,6061,97760,46,19,662,125,3384,407,8528,624,16916,915,30084,1473,38140,2498,66,805,3828,9244,17971,31844,41094,42.9,40926,9122540.16,41238,104858,295349,1447,85,209,299785,227,462,257,331,366,220,263,236,153,126,163,203,107,83,162,145,79,95,145,,80,131,,91,,71847,8177,3891,1386,2733,1712,1092,548,941,761,906,579,660,338,473,696,369,318,254,520,,,,,79,,,,100,87,,,,,,,,,,,,,,,,,,,,,,
1245012433053211,,201765839840980,Hometalk,"Every mom is going to want to COPY this room makeover!",197,"05/04/2023 15:05",,,Lifetime,2459,29952,21,8,284,55,1486,188,3502,345,5601,450,8539,542,10519,871,29,344,1686,3888,6110,9177,11496,15.42,6885,1472098.46,6885,32731,99245,523,30,35,106318,188,135,95,171,151,104,108,89,102,79,76,91,58,47,118,57,38,51,105,,,62,42,,,20163,2055,1557,583,676,592,398,246,466,381,332,264,218,123,187,318,197,154,104,379,47,,,,,,,,42,49,,,,,,,,37,,,,,,,,,,,,,,
679514353896368,,201765839840980,Hometalk,"11 budget ways to fake high-end decor!",184,"05/05/2023 15:05",,,Lifetime,4386,55015,59,10,630,116,4085,494,8591,738,12708,918,14732,956,14210,1154,70,756,4603,9395,13734,15808,15489,16.2,9154,2203780.24,9571,59855,151078,500,10,129,157462,383,247,258,336,322,249,252,161,205,160,174,166,131,158,159,127,,106,188,,,98,87,114,,34340,3406,3009,1506,1049,1478,865,569,989,637,725,642,450,299,360,639,470,370,378,717,72,,,,,85,,,105,87,,,,,,,,,,,,,,,,,,,,,,
935353774452293,,201765839840980,Hometalk,"12 DIY ideas to surprise your mom with this Mother’s Day!",210,"05/07/2023 15:05",,,Lifetime,21057,261259,1080,222,8136,1229,41070,3859,61056,4950,60072,4298,51175,3454,38670,3045,1310,9426,45091,66296,64703,54951,42032,23.81,51741,12111093.61,51741,283810,559727,6061,56,1735,561782,1435,598,4523,1853,1266,967,1307,,1530,531,575,1094,,592,776,,,,,1580,,,1542,657,,93434,8403,7733,34133,2719,5593,2999,29969,3637,2642,2400,2473,1324,2252,877,3213,3668,8915,14391,2732,4483,,3744,2263,,,,,,,954,,,,,,,,604,,763,,1457,941,542,,,,,,,
1819928118439583,,201765839840980,Hometalk,"She HATED her dingy deck, so look what she did!",114,"05/08/2023 15:05",,,Lifetime,5246,60194,24,8,389,78,1972,271,5036,500,10114,783,18171,1324,24488,2282,32,476,2262,5593,11017,19685,27061,17.3,20686,2722293.86,21210,66126,180028,749,37,42,183823,213,345,122,158,215,128,130,162,84,84,181,77,,56,105,91,48,50,65,,76,54,,,45,46075,5448,3043,619,1921,750,531,280,442,394,485,302,353,161,226,308,218,158,80,367,,,,,,,,,52,63,,49,,50,,,,,,,,,,,,,,,,,,
662419019230023,,201765839840980,Hometalk,"5 genius ways to upgrade your patio this summer!",182,"05/09/2023 15:05",,,Lifetime,11068,163039,83,29,1417,247,9879,999,23322,1739,37802,2219,46941,2628,43595,3207,114,1698,10943,25287,40363,49990,47276,21.19,31363,7213887.89,31894,175670,380921,1846,31,393,407116,694,630,726,1241,1210,662,741,534,503,322,446,646,273,255,567,452,,265,396,185,265,284,,181,,101679,11236,8752,3124,3106,5319,3152,1175,3176,2101,1902,1649,1251,795,1110,2789,1059,1162,711,2178,,,,,194,,,,298,270,,,,,,,,,,,,,,,,,,,,,,
249141381109917,,201765839840980,Hometalk,"Iron a soda can - this is brilliant!",294,"05/10/2023 15:05",,,Lifetime,35571,345123,237,75,3199,838,21691,3189,45928,5493,72229,6917,101423,8833,100416,10226,315,4108,25047,51844,79798,111146,111683,46.59,152255,30750883.42,152255,383951,728183,2970,290,514,810201,1526,1773,1486,1881,1498,959,980,1225,1204,687,1031,860,613,505,667,741,418,453,595,438,567,765,,430,,239388,20371,21727,7575,9476,6312,4677,2705,5497,3088,6180,2537,2854,1424,2335,2992,2691,2916,1794,3251,,,,,,,,,553,445,,,,,,,,,,,,,,,,,,,,,,
3327233404192567,,201765839840980,Hometalk,"5 gorgeous ways to upcycle a $2 Walmart ball!",190,"05/12/2023 10:05",,,Lifetime,15248,205545,233,87,3358,668,21950,2263,39850,3090,48898,3017,51073,3048,40183,3075,321,4088,24354,43258,52311,54541,43643,24.05,41018,9897958.81,41018,222517,433943,2595,305,774,467803,852,711,1170,1855,1462,860,783,744,746,394,641,890,320,,666,539,,307,446,473,308,323,,390,,125177,11872,8947,10516,3036,5730,3611,2501,2786,2530,2279,2722,1552,1796,1058,2482,1367,1652,2065,3212,349,,,333,347,,,,434,,,,,,,,,,,,,,,,,,,,,,,
1189497215090556,,201765839840980,Hometalk,"Everyone will be rethinking their backyard after seeing this!",177,"05/12/2023 15:05",,,Lifetime,203118,290031,208,323,3552,4508,31550,39750,63274,67850,59065,40744,64715,27987,67667,21956,540,8178,71711,132524,100867,93561,90587,29.01,164210,25663450.16,164210,497973,931795,3860,111,288,949689,2197,2478,1810,9970,6640,6187,1950,4154,,,3264,4595,1552,2062,3139,3210,,2143,2006,,1595,1615,,,1098,205102,25875,23635,4921,8801,40198,20015,3160,5158,5045,3622,16698,5229,1211,3493,10715,2566,2240,,9728,,,,,2638,1152,,,2311,1698,,,,1614,,,,1191,,,,,,,,,,1740,,,,
729825865554488,,201765839840980,Hometalk,"9 gorgeous Americana wreath ideas to copy this summer!",188,"05/14/2023 15:05",,,Lifetime,4024,43140,40,6,598,141,3854,487,6475,705,8505,753,11035,826,12633,1106,47,746,4360,7239,9336,11952,13839,11.08,5139,1274749.21,5139,47519,128018,422,17,138,131740,281,134,270,337,258,236,207,108,192,158,127,166,149,139,177,110,,106,130,78,78,,,96,87,27728,2080,1811,1227,623,966,628,455,735,517,438,600,322,211,200,578,663,403,274,815,80,,,,,73,,,95,,,,,,,,,,,,,,,,,,,,,,,
2468014196681684,,201765839840980,Hometalk,"The genius NEW reason everyone's buying Dollar Store picture frames!",184,"05/15/2023 15:05",,,Lifetime,7573,122903,119,27,1107,266,7059,698,18384,999,28818,1413,33886,1778,33530,2392,151,1400,7804,19522,30498,35989,36239,26.36,56805,9364131.32,58889,131604,372734,1626,36,255,406697,614,439,827,603,727,392,757,397,328,330,228,318,171,241,280,332,,,202,225,,312,289,211,,69462,7303,5572,6320,2234,4635,2529,2198,2931,1232,1322,1560,1011,1118,956,1969,1055,832,2303,804,396,,,274,,,,,236,175,,,,,,,,,,,,,,,,,,,,,,
624956566195186,,201765839840980,Hometalk,"Wrap string lights around a hanger for this BREATHTAKING idea!",209,"05/16/2023 15:05",,,Lifetime,5726,69108,68,16,676,186,3586,515,7714,803,14256,1037,20734,1293,22074,1876,84,872,4131,8584,15394,22210,24141,19.88,14569,3289645.79,14569,75416,198829,1025,35,436,206426,334,223,327,535,441,272,355,225,190,195,163,277,125,103,200,225,,99,126,,95,104,,116,,43108,5639,3527,1838,1440,2104,1210,653,995,918,836,833,499,459,456,738,479,459,420,884,86,,,,108,,,,112,97,,,,,,,,,,,,,,,,,,,,,,
219065527520952,,201765839840980,Hometalk,"Stick a rake into a pool noodle for this brilliant outdoor hack!",247,"05/17/2023 15:05",,,Lifetime,49281,237702,115,63,1838,552,11513,2614,25204,6264,44216,9228,70986,13743,83830,16817,182,2435,14221,31785,53916,85590,101737,39.4,101787,21053558.6,101787,289870,778869,2878,81,930,895759,1039,1365,670,879,954,576,620,727,544,439,664,496,352,271,495,400,215,268,259,,342,255,,223,,192431,23945,12428,3447,10324,3877,2807,1234,2654,1767,3286,1526,1787,993,1283,1500,1431,1131,678,1821,,,,,212,,,,250,223,,,,,,,,,,,,,,,,,,,,,,
621303892984395,,201765839840980,Hometalk,"Cut your cleaning time in half and make your home sparkle with these tips and tricks!",185,"05/18/2023 15:05",,,Lifetime,2296,24423,25,2,238,70,1464,226,3080,328,4771,419,6544,499,8301,752,28,312,1705,3442,5241,7098,9135,9.61,3284,745929.49,3299,26961,82319,191,10,20,88128,160,113,104,156,129,92,119,76,78,78,86,88,70,58,82,56,34,54,69,,39,54,,62,36,15991,1578,1165,584,477,572,346,228,413,329,256,273,222,130,165,304,220,194,92,289,43,,,,,,,,38,,,,,,,,,,,,,,,,,,,,,,,
647350523875743,,201765839840980,Hometalk,"Neighbors are flipping out over her GENIUS laundry basket idea!",199,"05/19/2023 15:05",,,Lifetime,51693,497168,658,282,5945,1675,34316,5773,83386,9761,131463,11819,134738,11437,106662,10946,954,7724,40314,93819,144237,147283,118711,21.51,88389,20875807.5,93487,553047,1017230,8268,249,3316,1093905,3222,2294,3017,10890,4969,4466,3630,3206,1859,2001,2440,4577,1228,3218,3294,2351,,1275,1818,,1282,,,,,241684,36517,23623,15442,10159,28073,11155,8470,7068,9171,5096,16373,3159,2237,2761,5191,4692,4515,3045,9701,,,,,3955,,,,1785,,,,,,,,1649,1240,,,,,,,,,,1245,1347,,,
763403241910858,,201765839840980,Hometalk,"The GENIUS reason she's coloring a solar light in with a Sharpie",218,"05/21/2023 15:05",,,Lifetime,31048,341539,399,72,4234,870,22062,3082,44335,4628,74768,6202,101518,7567,94223,8627,480,5172,25305,49303,81494,109823,103667,23.35,65384,18000114.54,65471,375246,831948,6326,349,4953,870107,879,863,750,1454,1209,627,624,854,913,347,717,656,241,275,469,437,,246,291,221,441,,,228,,288480,20560,9795,3408,4487,5422,3486,1533,1974,1840,1790,2542,1235,1089,1032,1307,1439,1146,707,1732,209,,,,386,,,,218,222,,,,,,,,,,,,,,,,,,,,,,
624756879545728,,201765839840980,Hometalk,"The GENIUS reason she's coloring a solar light in with a Sharpie",218,"05/21/2023 15:05",,,Lifetime,2577,26781,20,14,308,70,1610,280,3395,411,5698,477,7572,578,8178,747,34,383,1906,3839,6238,8229,9002,16.88,5098,1388493.21,5098,29631,93856,359,23,229,98195,75,96,110,117,115,74,74,61,54,46,54,58,32,32,59,41,,30,29,35,27,,32,43,,19775,2302,1138,556,526,472,331,207,304,262,167,191,119,110,125,169,224,218,115,160,30,,,,,,,,32,,27,,,,,,,,,,,,,,,,,,,,,
1297250524525644,,201765839840980,Hometalk,"Rub cement on a Dollar Store beach ball for this CRAZY cool idea!",197,"05/22/2023 15:05",,,Lifetime,76800,559629,342,142,3250,1072,18877,4593,58338,10287,133376,17470,191377,22979,154069,20257,493,4391,23639,69178,151870,215883,175753,32.71,244475,45006514.89,249807,641221,1400499,10502,644,3933,1539088,989,2624,1052,4416,2647,1349,980,3489,588,369,1522,1540,,,927,1344,749,415,641,,974,483,,,,440857,47478,32366,4912,11051,12309,10957,1744,2824,3040,3963,8224,3363,2015,4933,2120,1531,1328,846,3199,,,,,1884,,,,649,443,,557,,,,,,530,,,,509,,,,,,,,,,
1289624411675903,,201765839840980,Hometalk,"She did WHAT with a Walmart bucket?!",205,"05/23/2023 15:05",,,Lifetime,3824,47700,51,12,496,122,3005,377,6077,574,9840,693,13790,911,14441,1135,63,629,3396,6714,10612,14820,15698,22.42,12520,2378327.68,12520,51932,116336,666,9,219,119764,257,181,191,191,182,141,168,124,164,114,112,105,70,83,96,85,58,66,92,,65,,,58,59,34498,3191,1476,1219,818,737,547,429,643,467,423,361,266,327,197,345,377,350,239,399,58,,,,,,,,64,62,,,,,,,,,,,,,,,,,,,,,,
1239559736694083,,201765839840980,Hometalk,"Wrap a Walmart ball in fabric for this GENIUS decor hack!",194,"05/24/2023 15:05",,,Lifetime,4549,60244,54,22,516,131,2759,361,6510,566,12159,800,17982,1075,20264,1594,76,658,3154,7148,13068,19214,22086,22.22,21081,3447094.68,21697,65405,168308,598,34,87,181535,220,251,195,239,224,152,154,174,159,106,158,126,60,62,112,96,72,66,70,75,82,104,,74,,44516,3959,2388,1379,1211,866,820,528,625,458,634,456,364,287,302,393,374,350,260,317,,,,,,,,,72,61,,,,,,,,,,,,,,,,,,,,,,
6311854392190872,,201765839840980,Hometalk,"Light up a Dollar Store bottle (this is MAGICAL!)",205,"05/26/2023 15:05",,,Lifetime,4199,46188,45,54,500,192,3020,458,6401,711,9796,721,13193,923,13233,1140,99,708,3506,7170,10597,14209,14484,20.27,6383,1943525.98,6383,50774,106426,484,142,73,111875,515,191,247,182,177,146,196,122,178,127,95,94,89,73,110,79,59,63,88,60,,76,63,71,68,32852,2666,1670,1320,816,780,588,539,611,481,403,391,260,319,213,403,352,442,347,298,79,,,,,,,,,,,,,,,,,,,,,,,,,,,,,,,
1304618573765214,,201765839840980,Hometalk,"Stick a Dollar Store container on your wall (BRILLIANT!)",216,"05/28/2023 15:05",,,Lifetime,41009,808333,1798,325,29303,2435,135836,7531,196216,9055,189769,7991,147202,6658,108209,7014,2153,32206,144259,206598,199053,154959,116212,30.21,269325,45221923.15,274652,855447,1507338,15365,227,5085,1656102,4245,2844,3655,4767,3609,2858,2264,2143,4467,1953,2021,2180,1439,,1877,1535,1692,1134,1224,1521,,1342,,1675,,528102,36176,27184,33802,14814,15994,14141,11086,8984,7258,8460,8843,4110,6492,2730,6462,13339,5921,4915,6707,1257,,1210,1070,1434,,,,,,,,,,,,,,,,,,,,,,,,,,,
1920190451667676,,201765839840980,Hometalk,"Turn an ugly old nightstand into THIS! (Genius!)",195,"05/30/2023 15:05",,,Lifetime,6034,61743,43,20,578,180,3364,580,7136,935,12001,1049,17648,1378,20973,1892,64,766,3966,8147,13163,19181,23070,21.3,17047,3445821.09,17261,68358,172977,821,29,163,180682,356,305,353,303,254,278,275,193,334,165,172,166,184,,197,100,,142,134,,83,113,,109,,42079,3785,2446,1512,1388,1210,751,712,1105,795,754,505,400,352,297,654,791,512,355,597,83,,,,118,92,,,111,,,,83,,,,,,,,,,,,,,,,,,,
495704399366435,,201765839840980,Hometalk,"Tie a belt around a lamp shade for this BRILLIANT dining room idea!",209,"06/01/2023 15:06",,,Lifetime,15901,227133,77,24,1311,258,6205,773,13960,1350,32300,2064,67322,4145,105958,7287,102,1607,7065,15489,34682,72082,114352,29.93,74616,15213480.35,75330,245383,501341,4505,107,844,568973,662,1288,505,554,734,434,616,797,421,259,703,338,356,,330,273,172,240,252,148,418,260,,,,161727,16264,18296,2442,8356,3155,2307,1033,2565,1899,2505,1195,1673,609,1317,1381,1001,791,569,924,144,,,,,,,,192,212,,298,,,,,,,,,,,,,,,,,,,,
142581028814613,,201765839840980,Hometalk,"Wrap string light around a hula hoop for this GORGEOUS lighting idea!",191,"06/03/2023 15:06",,,Lifetime,40514,697730,1015,291,9745,1623,86646,6068,205725,10223,195727,9592,129326,6927,69546,5790,1325,11526,93117,217335,206653,137249,76063,18.08,120625,28842157.24,123746,743273,1677070,9867,369,6312,1798993,4103,4081,5874,13683,8794,6024,5421,3224,1806,,3304,9340,,,4176,2326,,,2270,2248,1812,,1881,1695,,233345,33705,30234,36760,20159,46869,18896,15779,8838,10005,7506,47259,4184,4961,3805,13539,3703,8912,5072,44293,1976,,,,4372,1643,2796,2689,2116,,,,,,,,,1679,,,,,,,,,,,,,,
1401970707266472,,201765839840980,Hometalk,"This will solve everyone's WORST laundry problem!",230,"06/05/2023 15:06",,,Lifetime,4742,66219,33,15,476,108,3047,305,8223,601,14434,850,19547,1183,20459,1680,50,605,3373,8910,15387,20940,22354,21.26,16963,3623763.12,17556,71622,210361,994,77,308,214741,305,378,276,284,314,189,304,183,143,163,178,189,122,72,132,108,88,90,114,80,81,96,,,,44906,4904,3369,1332,2230,1293,774,568,809,668,780,418,457,383,409,430,344,417,235,587,75,,,,,,,,88,,,,,76,,,,,,,,,,,,,,,,,,
766703801816572,,201765839840980,Hometalk,"The GENIUS reason everyone's buying black PVC pipes for their porch",238,"06/07/2023 15:06",,,Lifetime,605214,356713,171,201,2326,3340,12299,28804,33664,86461,68910,139468,112128,179665,127215,167275,382,5836,41576,121953,211486,296036,298914,35.73,334560,69712304.55,342477,976197,2152559,6335,423,1608,2399555,2260,5923,1101,2560,3131,1429,1268,4285,600,1023,2617,1092,638,586,749,1093,850,613,598,,1594,1250,,,,550402,195705,74873,4593,32024,14289,7434,1640,4831,2809,7674,3520,6077,1304,8174,3457,2062,1375,898,2534,,,,,513,,,,874,,,1070,,521,,,,,,,,,,,,,,,,,,
6741041205920116,,201765839840980,Hometalk,"This will instantly upgrade your bathroom for under $100!",209,"06/09/2023 15:06",,,Lifetime,88481,341638,804,463,5870,2471,34202,8662,75074,18828,89825,24054,77238,20376,58625,13627,1284,8457,43095,94479,114595,98244,72848,30.27,174550,27616407.53,174550,432979,958311,9994,173,1664,986715,5875,,12754,2856,1864,1924,1991,,2160,1400,,1324,,1248,1487,,,,,2830,,,4049,1876,,115108,13138,7411,48315,6074,9657,4696,12040,11231,5696,7456,4382,1447,7034,1398,9446,6777,40225,10967,5086,4854,,2135,2148,,1830,,,,,2740,,,,1787,,,,3644,,4601,,,1444,,,,,,,1562,1255
702672641620851,,201765839840980,Hometalk,"Spray shaving cream on your toilet for this genius hack!",192,"06/11/2023 15:06",,,Lifetime,27992,222319,115,47,1391,344,7043,1220,16876,2500,38589,4441,68439,7861,89866,11579,163,1774,8338,19588,43393,76855,102303,28.24,88162,16326014.69,89082,252416,573754,5756,214,3141,648946,714,743,411,398,478,362,356,297,325,224,285,257,194,,198,169,237,128,145,122,160,168,,114,,197960,14532,7855,2140,4767,1707,1188,730,1422,1002,1582,687,793,777,1023,775,798,539,387,876,124,154,,,,,,,156,,,,,,,,,,,,,,,,,,,,,,,
639801764833792,,201765839840980,Hometalk,"The genius reason he cuts up old pencils for his dresser",185,"06/12/2023 15:06",,,Lifetime,7514,74712,28,13,520,127,3423,508,7696,921,12468,1195,20593,1785,29984,2965,42,660,3952,8708,13760,22552,33277,24.09,28701,4991990.57,28701,82952,192177,1875,100,176,238108,346,385,330,313,333,295,283,221,251,134,223,174,134,,217,113,96,95,134,,104,103,81,,,52820,4870,4062,1391,2006,1339,776,505,1419,782,956,623,596,348,502,666,490,460,369,798,99,76,,,81,,,,111,,,,,,,,,,,,,,,,,,,,,,,
553861383629536,,201765839840980,Hometalk,"Genius Dollar Store items to buy in July (before they're gone!)",204,"06/13/2023 15:06",,,Lifetime,3933,45817,26,15,372,81,1969,308,4807,487,8618,673,12922,932,17103,1437,41,457,2295,5348,9345,13954,18714,16.7,8417,1976496.51,8417,50154,127470,742,36,195,135061,223,204,185,192,188,190,168,135,187,127,96,111,86,,123,68,65,71,65,,,84,72,68,,32891,2551,1701,1103,958,804,494,449,546,355,429,403,306,275,230,378,482,261,309,394,69,,65,,61,,,,63,,,,,,,,,,,,,,,,,,,,,,,
769910554632882,,201765839840980,Hometalk,"Stick a Dollar Store garden fence into a pie plate for this genius idea!",181,"06/14/2023 15:06",,,Lifetime,30130,475488,246,85,2735,599,12909,1705,35193,2719,87076,4962,154025,8113,183304,11947,337,3402,14736,38206,92671,163338,196764,34.43,224991,34602337.74,226833,509445,1040364,9850,550,3078,1148846,746,2073,1161,1326,1094,756,650,1176,646,388,761,595,315,,511,475,651,283,350,425,372,460,265,,,380815,33323,16267,6383,10446,5320,4517,1790,2858,2254,4385,2380,1849,2354,2196,1695,1468,1435,1230,1462,,,,,488,,,,383,,,285,,,,,,,,,,,,,,,,,,,,
776867350647749,,201765839840980,Hometalk,"The brilliant reason he lays Ziploc bags of cement in his backyard",482,"06/15/2023 10:06",,,Lifetime,5474,38209,15,12,312,111,2350,694,5022,1133,7066,1069,9925,1114,13519,1341,27,428,3057,6202,8203,11126,15005,22.12,6498,2092865.12,6567,44049,28165,292,132,36,32142,449,187,211,204,200,199,178,99,141,150,85,125,151,,119,73,,82,125,,76,96,,103,61,27280,2037,1733,1043,689,510,367,564,707,331,388,392,267,234,233,408,848,281,172,286,71,60,,,90,,,,,59,,,,,,,,,,,,,,,,,,,,,,
920427892383775,,201765839840980,Hometalk,"Brilliant ways to fake high end storage on a Dollar Store budget!",483,"06/16/2023 10:06",,,Lifetime,3105,27732,15,7,166,54,1326,277,3094,556,5208,576,7678,674,10245,961,22,222,1616,3689,5817,8418,11326,18.42,4408,1536311.86,4605,31111,30010,450,83,122,30601,266,129,115,155,113,124,94,97,131,90,68,74,83,42,78,,,42,55,,54,70,40,64,,20107,1532,1247,643,504,349,298,262,365,208,334,245,173,148,140,226,503,162,108,228,46,44,,,56,39,,,,,,,,,,,,,,,,,,,,,,,,,,
280468057887196,,201765839840980,Hometalk,"Put a dryer vent on your fence (Brilliant backyard idea!)",210,"06/16/2023 15:06",,,Lifetime,16586,90760,32,15,555,168,3148,733,7199,1486,14081,2575,26952,4573,38793,7036,49,744,3913,8770,16804,31813,46294,27.8,28563,5760882.51,28744,108388,261632,1802,117,447,269032,388,386,232,284,300,241,230,253,254,119,203,164,164,77,146,96,81,95,96,76,105,130,,98,,76905,7859,4772,989,2225,1030,750,459,1038,666,904,485,541,289,489,506,587,357,290,517,,,,,70,,,,105,,,,,,,,,,,,,,,,,,,,,,,
973265770489425,,201765839840980,Hometalk,"The brilliant $20 entryway upgrade using a mirror and pool noodles",185,"06/18/2023 15:06",,,Lifetime,3092,27426,14,7,223,70,1292,224,3263,445,5386,577,7657,743,9591,1026,21,299,1524,3744,6007,8470,10730,13.19,5503,1215641.74,5638,30795,101689,304,21,64,104526,137,160,142,103,111,70,84,92,63,57,71,53,47,44,52,32,31,,,33,,34,31,32,38,20262,1828,1242,683,578,517,303,295,467,192,268,188,185,185,159,193,140,216,139,182,37,,30,,,,,,35,,,,,,,,,,,,,,,,,,,,,,,
1002902890885648,,201765839840980,Hometalk,"Triple your storage by doing this (brilliant!)",522,"06/19/2023 10:06",,,Lifetime,4553,39701,27,11,326,70,2161,430,4939,825,7306,837,10439,988,14503,1392,38,403,2600,5822,8203,11516,16037,12.44,4505,1648930.31,4525,44619,67641,310,59,86,71358,456,159,201,182,199,149,143,131,143,120,110,111,136,61,90,80,62,67,94,,,72,64,75,,28522,2417,1727,893,678,626,367,313,705,287,416,334,292,234,221,291,651,309,173,290,86,65,,,60,,,,,,,,,,,,,,,,,,,,,,,,,,,
4685526524904387,,201765839840980,Hometalk,"Roll 10 Dollar Store rings in the dirt for this brilliant idea!",237,"06/19/2023 15:06",,,Lifetime,801,5969,0,2,56,14,325,69,686,132,955,141,1546,177,2401,266,2,71,395,822,1109,1736,2684,8.32,1700,305669.59,1700,6819,42418,47,3,1,43217,30,20,17,39,24,13,12,11,10,7,12,15,12,,13,14,9,11,11,6,9,17,,,,4662,454,282,114,122,66,52,44,84,31,48,47,31,28,38,44,61,27,26,34,9,8,,,6,,,,,,,,,,,,,,,,,,,,,,,,,7,,
978902036891649,,201765839840980,Hometalk,"Roll 10 Dollar Store rings in the dirt for this brilliant idea!",237,"06/19/2023 15:06",,,Lifetime,14204,176375,87,37,1102,234,5924,784,12595,1411,24831,2045,47711,3427,84125,6266,124,1361,6752,14133,27084,51496,91001,28.08,80000,11831683.38,80146,191951,423444,1650,171,227,469179,529,679,538,438,412,318,265,392,366,219,331,203,229,,209,160,294,,161,160,214,200,,,127,140986,11313,7711,2145,4093,1594,1348,954,1242,837,1800,896,783,827,964,740,978,738,601,676,121,118,,,137,,,,119,,,,,,,,,,,,,,,,,,,,,,,
702622564957686,,201765839840980,Hometalk,"Tape up 4 Dollar Store mats...",496,"06/20/2023 10:06",,,Lifetime,2492,22092,9,4,159,33,1036,212,2303,379,3702,484,5862,522,9021,858,13,197,1250,2704,4218,6429,9975,13.87,3229,1093061.67,3229,24786,40493,312,26,44,45183,190,53,85,94,101,57,74,75,72,47,46,58,53,32,57,,28,,36,37,41,37,30,37,28,16744,1265,909,475,306,273,217,180,287,165,247,165,146,126,106,171,251,175,93,179,44,,,,,,,,39,,,,,,,,,,,,,,,,,,,,,,,
995470111897091,,201765839840980,Hometalk,"The secret weapon to conquer nasty toilet issues",228,"06/20/2023 15:06",,,Lifetime,2667,24918,13,6,203,49,1069,179,2379,331,4328,418,6902,606,10024,1078,19,258,1255,2738,4790,7562,11194,24.77,7233,1574112.27,7573,27816,74100,386,62,117,74100,125,90,85,79,86,68,76,72,42,59,61,55,38,27,44,27,41,27,47,26,26,43,,38,,19268,1488,1107,442,542,323,244,169,250,213,274,203,147,130,160,177,122,111,90,206,27,,,,,,,,,,,,,,,,,,,,,,,,,32,,,,,,
192482083780318,,201765839840980,Hometalk,"The genius new reason everyone's buying Dollar Store picture frames!",577,"06/21/2023 09:06",,,Lifetime,1504,18569,8,2,132,33,746,125,1714,191,2916,257,4978,330,8075,566,10,166,874,1920,3204,5340,8714,16.75,4010,1053140.42,4142,20228,50754,217,74,24,57303,74,69,90,77,79,50,61,38,136,31,54,40,52,,43,24,28,26,40,29,27,27,29,,31,13208,1059,878,462,302,265,154,133,360,159,206,133,146,93,105,144,139,132,111,148,49,,,,,,,,25,,,,,,,,,,,,,,,,,,,,,,,
975214977123539,,201765839840980,Hometalk,"Grab a cheap folding metal table for this brilliant idea!",188,"06/21/2023 15:06",,,Lifetime,42851,333214,372,308,3043,1488,11511,3766,26376,5156,56213,7390,100818,10245,134881,14498,690,4614,15417,31896,64150,112129,150878,27.27,170529,21544928.49,172147,379780,798794,3800,80,340,911275,1418,2261,1268,2251,1465,1001,846,1563,882,613,1307,764,497,782,760,648,,416,547,,617,973,,568,,223381,28717,23326,4042,12218,8079,5065,2195,4853,3790,5467,3785,2693,1221,3665,2530,4571,2085,844,2065,,,,,513,,,,536,,,465,,,624,,,,,,,,,,,,,,,,,
1719860208466445,,201765839840980,Hometalk,"Bend a wire hanger for this brilliant front porch idea!",182,"06/23/2023 15:06",,,Lifetime,37002,365134,871,592,5823,2708,23173,5573,47270,6160,78913,6451,100060,6748,109024,8770,1472,8606,28908,53801,85950,107537,118750,23.5,83232,16666888.3,84041,405015,766600,5997,91,2149,810473,3217,2173,2755,3104,1886,1942,1536,1241,2167,1205,1211,1696,,1648,1360,778,1369,,808,1029,,,891,1065,,206314,19377,15730,14495,8774,7338,5350,7075,4399,4793,6901,8766,2481,3849,2749,3609,7427,3466,3373,4368,877,,1246,1157,1552,,,,886,,,,,,,,,,,,,,,,,,,,,,,
1676787512793847,,201765839840980,Hometalk,"Got an old lampshade lying around? This is brilliant!",214,"06/25/2023 15:06",,,Lifetime,14458,170334,263,184,1784,730,6850,1555,16346,1842,35626,2524,52207,3185,57258,4438,451,2553,8465,18366,38469,55867,62398,28.7,44988,10229120.25,44988,186572,432205,3434,112,619,435637,718,1100,1342,1441,1148,795,1008,745,604,350,603,730,382,509,678,393,,318,425,323,306,563,,526,,92505,11796,8863,3439,5353,6450,3143,2344,3661,3907,3199,3051,1365,1003,1447,2468,2160,2355,927,1637,,,,,506,,,,502,,,306,,,,,,,,,,,,,,,,,,,,
987028182423095,,201765839840980,Hometalk,"The genius new way people are using cheap pegboard hooks",264,"06/26/2023 15:06",,,Lifetime,39344,313272,453,390,3721,1926,17618,4721,37998,6069,62927,6978,92674,8607,97881,10653,851,5728,22473,44506,70506,102184,109681,30.99,133564,20064056.52,138996,355936,631305,4282,121,719,716160,2186,1820,1417,1246,1233,891,977,1113,1326,962,1191,608,565,979,581,501,,420,422,,477,542,,969,465,205567,22305,26753,6072,11613,5188,4566,3534,4906,2643,3741,2226,2981,1614,1815,2282,7108,2049,1419,2218,,475,,,,,,,,,,,,,698,,,,,,,,,,,411,,,,,,
170351609202913,,201765839840980,Hometalk,"Do you hate popcorn ceilings? This is brilliant!",233,"06/27/2023 15:06",,,Lifetime,3072,32002,27,10,214,69,1305,208,3427,427,5879,536,9445,711,11705,1111,38,292,1528,3902,6469,10269,12980,21.61,10142,2052258.47,10173,35478,102828,700,49,161,109826,184,162,113,108,140,101,113,103,83,94,92,70,50,57,75,48,49,,43,,40,63,,44,47,23432,2295,1349,607,698,489,369,236,402,309,410,225,231,185,200,205,225,182,102,251,35,,,,,,,,38,37,,,,,,,,,,,,,,,,,,,,,,
173830932153048,,201765839840980,Hometalk,"She rescued a lone pallet for this genius garden hack!",357,"06/28/2023 15:06",,,Lifetime,12346,73426,96,104,715,447,2983,1205,6262,1653,11795,1980,20848,2701,30727,4256,200,1178,4216,8001,13883,23752,35337,24.46,28556,4810514.92,28556,86567,200218,1042,37,188,229707,452,473,392,425,330,229,203,277,241,179,260,226,167,232,221,119,,137,125,,134,142,,154,145,52853,5678,4346,1323,1986,1683,933,641,953,717,1038,716,578,343,439,519,1462,563,294,662,,,,,112,,,,98,,,101,,,,,,,,,,,,,,,,,,,,
758793886042522,,201765839840980,Hometalk,"Triple your kitchen storage with these brilliant Dollar Store ideas!",217,"06/29/2023 12:06",,,Lifetime,98391,1532487,1670,579,19839,3312,110037,10525,267222,16613,416809,21540,411653,22252,305257,23570,2273,23498,121414,286249,442008,437552,332269,32.45,527110,106647605.8,527110,1645189,3489066,28768,790,23504,3644075,24499,11415,10750,12368,10196,6070,8130,5266,4259,14745,4880,5696,,6031,4077,2554,2757,,,4463,,5563,2851,3842,,779534,127235,45928,96704,71609,46609,19458,21347,21132,15344,20027,20608,7258,20706,6949,12502,15472,10162,11148,16822,4211,5622,4943,,4350,,,,,,,,,,6521,,,,,,,,,,,,,,,,,
472739188316999,,201765839840980,Hometalk,,17,"04/01/2023 08:04",,,Lifetime,,,,,,,,,,,,,,,,,,,,,,,,6.92,,1361062.65,,81228,204732,737,42,315,,,,,,,,,,,,,,,,,,,,,,,,,,,,,,,,,,,,,,,,,,,,,,,,,,,,,,,,,,,,,,,,,,,,,,,,,,,,,,
762622215383122,,201765839840980,Hometalk,,19,"04/04/2023 08:04",,,Lifetime,,,,,,,,,,,,,,,,,,,,,,,,7.63,,1060880.42,,49997,139012,248,11,31,,,,,,,,,,,,,,,,,,,,,,,,,,,,,,,,,,,,,,,,,,,,,,,,,,,,,,,,,,,,,,,,,,,,,,,,,,,,,,
233505062525416,,201765839840980,Hometalk,,21,"04/06/2023 08:04",,,Lifetime,,,,,,,,,,,,,,,,,,,,,,,,8.69,,1128429.07,,55645,141475,365,4,78,,,,,,,,,,,,,,,,,,,,,,,,,,,,,,,,,,,,,,,,,,,,,,,,,,,,,,,,,,,,,,,,,,,,,,,,,,,,,,
1204013880476160,,201765839840980,Hometalk,,10,"04/09/2023 08:04",,,Lifetime,,,,,,,,,,,,,,,,,,,,,,,,7.32,,5982463.81,,303650,1215797,4572,111,661,,,,,,,,,,,,,,,,,,,,,,,,,,,,,,,,,,,,,,,,,,,,,,,,,,,,,,,,,,,,,,,,,,,,,,,,,,,,,,
168792579401659,,201765839840980,Hometalk,,23,"04/11/2023 08:04",,,Lifetime,,,,,,,,,,,,,,,,,,,,,,,,6.69,,859607.26,,44147,146465,298,6,54,,,,,,,,,,,,,,,,,,,,,,,,,,,,,,,,,,,,,,,,,,,,,,,,,,,,,,,,,,,,,,,,,,,,,,,,,,,,,,
171764711950484,,201765839840980,Hometalk,,23,"04/11/2023 08:04",,,Lifetime,,,,,,,,,,,,,,,,,,,,,,,,6,,617266.83,,29737,115880,183,10,49,,,,,,,,,,,,,,,,,,,,,,,,,,,,,,,,,,,,,,,,,,,,,,,,,,,,,,,,,,,,,,,,,,,,,,,,,,,,,,
698977238646750,,201765839840980,Hometalk,,27,"04/13/2023 08:04",,,Lifetime,,,,,,,,,,,,,,,,,,,,,,,,13.57,,7151142.8,,230848,691157,3240,161,1052,,,,,,,,,,,,,,,,,,,,,,,,,,,,,,,,,,,,,,,,,,,,,,,,,,,,,,,,,,,,,,,,,,,,,,,,,,,,,,
3343436692587479,,201765839840980,Hometalk,,17,"04/15/2023 08:04",,,Lifetime,,,,,,,,,,,,,,,,,,,,,,,,6.93,,958308.76,,57471,147947,448,7,118,,,,,,,,,,,,,,,,,,,,,,,,,,,,,,,,,,,,,,,,,,,,,,,,,,,,,,,,,,,,,,,,,,,,,,,,,,,,,,
1197869674421830,,201765839840980,Hometalk,,45,"04/17/2023 07:04",,,Lifetime,,,,,,,,,,,,,,,,,,,,,,,,6.51,,569449.09,,26203,83376,91,1,17,,,,,,,,,,,,,,,,,,,,,,,,,,,,,,,,,,,,,,,,,,,,,,,,,,,,,,,,,,,,,,,,,,,,,,,,,,,,,,
774441274148226,,201765839840980,Hometalk,,10,"04/18/2023 16:04",,,Lifetime,,,,,,,,,,,,,,,,,,,,,,,,3.98,,333179.79,,19801,91083,90,2,6,,,,,,,,,,,,,,,,,,,,,,,,,,,,,,,,,,,,,,,,,,,,,,,,,,,,,,,,,,,,,,,,,,,,,,,,,,,,,,
541842121211296,,201765839840980,Hometalk,,26,"04/19/2023 08:04",,,Lifetime,,,,,,,,,,,,,,,,,,,,,,,,9.28,,1310750.63,,57823,147835,240,4,58,,,,,,,,,,,,,,,,,,,,,,,,,,,,,,,,,,,,,,,,,,,,,,,,,,,,,,,,,,,,,,,,,,,,,,,,,,,,,,
192978446924907,,201765839840980,Hometalk,,20,"04/21/2023 08:04",,,Lifetime,,,,,,,,,,,,,,,,,,,,,,,,6.25,,843191.86,,46856,136897,425,21,149,,,,,,,,,,,,,,,,,,,,,,,,,,,,,,,,,,,,,,,,,,,,,,,,,,,,,,,,,,,,,,,,,,,,,,,,,,,,,,
559880916211591,,201765839840980,Hometalk,,20,"04/23/2023 08:04",,,Lifetime,,,,,,,,,,,,,,,,,,,,,,,,10,,2658432.43,,134231,280805,595,41,233,,,,,,,,,,,,,,,,,,,,,,,,,,,,,,,,,,,,,,,,,,,,,,,,,,,,,,,,,,,,,,,,,,,,,,,,,,,,,,
263349889455999,,201765839840980,Hometalk,,11,"04/26/2023 08:04",,,Lifetime,,,,,,,,,,,,,,,,,,,,,,,,6.31,,4909684.71,,402398,782272,2114,54,777,,,,,,,,,,,,,,,,,,,,,,,,,,,,,,,,,,,,,,,,,,,,,,,,,,,,,,,,,,,,,,,,,,,,,,,,,,,,,,
739788054297160,,201765839840980,Hometalk,,9,"04/28/2023 08:04",,,Lifetime,,,,,,,,,,,,,,,,,,,,,,,,4.49,,474552.04,,38743,115956,116,7,12,,,,,,,,,,,,,,,,,,,,,,,,,,,,,,,,,,,,,,,,,,,,,,,,,,,,,,,,,,,,,,,,,,,,,,,,,,,,,,
255492410379777,,201765839840980,Hometalk,,7,"04/30/2023 08:04",,,Lifetime,,,,,,,,,,,,,,,,,,,,,,,,5.34,,650333.68,,48119,124514,250,12,67,,,,,,,,,,,,,,,,,,,,,,,,,,,,,,,,,,,,,,,,,,,,,,,,,,,,,,,,,,,,,,,,,,,,,,,,,,,,,,
256508766783927,,201765839840980,Hometalk,,11,"05/03/2023 08:05",,,Lifetime,,,,,,,,,,,,,,,,,,,,,,,,8.01,,5179640.69,,273724,643635,2923,50,1075,,,,,,,,,,,,,,,,,,,,,,,,,,,,,,,,,,,,,,,,,,,,,,,,,,,,,,,,,,,,,,,,,,,,,,,,,,,,,,
2184450185278066,,201765839840980,Hometalk,,19,"05/06/2023 08:05",,,Lifetime,,,,,,,,,,,,,,,,,,,,,,,,9.44,,4823390.46,,219267,517697,2214,37,495,,,,,,,,,,,,,,,,,,,,,,,,,,,,,,,,,,,,,,,,,,,,,,,,,,,,,,,,,,,,,,,,,,,,,,,,,,,,,,
747948436992161,,201765839840980,Hometalk,,20,"05/09/2023 08:05",,,Lifetime,,,,,,,,,,,,,,,,,,,,,,,,10.26,,3239614.46,,153809,332634,1210,80,389,,,,,,,,,,,,,,,,,,,,,,,,,,,,,,,,,,,,,,,,,,,,,,,,,,,,,,,,,,,,,,,,,,,,,,,,,,,,,,
258871746708499,,201765839840980,Hometalk,,38,"05/09/2023 18:05",,,Lifetime,,,,,,,,,,,,,,,,,,,,,,,,6.87,,549524.65,,25598,88049,79,4,32,,,,,,,,,,,,,,,,,,,,,,,,,,,,,,,,,,,,,,,,,,,,,,,,,,,,,,,,,,,,,,,,,,,,,,,,,,,,,,
217435584317947,,201765839840980,Hometalk,,13,"05/11/2023 08:05",,,Lifetime,,,,,,,,,,,,,,,,,,,,,,,,9.9,,5041696.61,,300692,502346,5575,116,2217,,,,,,,,,,,,,,,,,,,,,,,,,,,,,,,,,,,,,,,,,,,,,,,,,,,,,,,,,,,,,,,,,,,,,,,,,,,,,,
1238300067078353,,201765839840980,Hometalk,,17,"05/13/2023 08:05",,,Lifetime,,,,,,,,,,,,,,,,,,,,,,,,6.28,,858693.39,,48716,150148,462,5,161,,,,,,,,,,,,,,,,,,,,,,,,,,,,,,,,,,,,,,,,,,,,,,,,,,,,,,,,,,,,,,,,,,,,,,,,,,,,,,
1021733772122733,,201765839840980,Hometalk,,30,"05/15/2023 08:05",,,Lifetime,,,,,,,,,,,,,,,,,,,,,,,,8.6,,1400388.02,,61648,179478,310,29,68,,,,,,,,,,,,,,,,,,,,,,,,,,,,,,,,,,,,,,,,,,,,,,,,,,,,,,,,,,,,,,,,,,,,,,,,,,,,,,
2090359531167626,,201765839840980,Hometalk,,30,"05/17/2023 08:05",,,Lifetime,,,,,,,,,,,,,,,,,,,,,,,,8.11,,1357442.19,,71098,180721,226,4,38,,,,,,,,,,,,,,,,,,,,,,,,,,,,,,,,,,,,,,,,,,,,,,,,,,,,,,,,,,,,,,,,,,,,,,,,,,,,,,
216826751109432,,201765839840980,Hometalk,,40,"05/18/2023 10:05",,,Lifetime,,,,,,,,,,,,,,,,,,,,,,,,6.19,,616206.86,,32311,96500,97,4,18,,,,,,,,,,,,,,,,,,,,,,,,,,,,,,,,,,,,,,,,,,,,,,,,,,,,,,,,,,,,,,,,,,,,,,,,,,,,,,
608117451281356,,201765839840980,Hometalk,,13,"05/20/2023 08:05",,,Lifetime,,,,,,,,,,,,,,,,,,,,,,,,6.67,,803542.55,,50138,121327,334,9,119,,,,,,,,,,,,,,,,,,,,,,,,,,,,,,,,,,,,,,,,,,,,,,,,,,,,,,,,,,,,,,,,,,,,,,,,,,,,,,
841670540648780,,201765839840980,Hometalk,,13,"05/22/2023 08:05",,,Lifetime,,,,,,,,,,,,,,,,,,,,,,,,7.17,,2028581.56,,127226,297568,1129,45,428,,,,,,,,,,,,,,,,,,,,,,,,,,,,,,,,,,,,,,,,,,,,,,,,,,,,,,,,,,,,,,,,,,,,,,,,,,,,,,
790332555995941,,201765839840980,Hometalk,,9,"05/24/2023 08:05",,,Lifetime,,,,,,,,,,,,,,,,,,,,,,,,4.63,,539733.11,,33678,111346,350,30,122,,,,,,,,,,,,,,,,,,,,,,,,,,,,,,,,,,,,,,,,,,,,,,,,,,,,,,,,,,,,,,,,,,,,,,,,,,,,,,
801279364900654,,201765839840980,Hometalk,,15,"05/25/2023 08:05",,,Lifetime,,,,,,,,,,,,,,,,,,,,,,,,5.9,,797061.27,,49479,142169,215,15,28,,,,,,,,,,,,,,,,,,,,,,,,,,,,,,,,,,,,,,,,,,,,,,,,,,,,,,,,,,,,,,,,,,,,,,,,,,,,,,
735153625060003,,201765839840980,Hometalk,,13,"05/27/2023 08:05",,,Lifetime,,,,,,,,,,,,,,,,,,,,,,,,6.5,,989151.25,,67357,160232,381,13,116,,,,,,,,,,,,,,,,,,,,,,,,,,,,,,,,,,,,,,,,,,,,,,,,,,,,,,,,,,,,,,,,,,,,,,,,,,,,,,
602870981909962,,201765839840980,Hometalk,,16,"05/29/2023 08:05",,,Lifetime,,,,,,,,,,,,,,,,,,,,,,,,7.92,,1532706.57,,84094,196772,1243,79,371,,,,,,,,,,,,,,,,,,,,,,,,,,,,,,,,,,,,,,,,,,,,,,,,,,,,,,,,,,,,,,,,,,,,,,,,,,,,,,
763312698820348,,201765839840980,Hometalk,,15,"05/31/2023 08:05",,,Lifetime,,,,,,,,,,,,,,,,,,,,,,,,7.86,,1510343.47,,76936,166657,2087,64,1339,,,,,,,,,,,,,,,,,,,,,,,,,,,,,,,,,,,,,,,,,,,,,,,,,,,,,,,,,,,,,,,,,,,,,,,,,,,,,,
1660021264425233,,201765839840980,Hometalk,,19,"06/02/2023 08:06",,,Lifetime,,,,,,,,,,,,,,,,,,,,,,,,5.01,,430921.94,,26839,92617,155,5,20,,,,,,,,,,,,,,,,,,,,,,,,,,,,,,,,,,,,,,,,,,,,,,,,,,,,,,,,,,,,,,,,,,,,,,,,,,,,,,
3486572698283613,,201765839840980,Hometalk,,16,"06/04/2023 08:06",,,Lifetime,,,,,,,,,,,,,,,,,,,,,,,,5.82,,738041.98,,41443,137018,377,7,142,,,,,,,,,,,,,,,,,,,,,,,,,,,,,,,,,,,,,,,,,,,,,,,,,,,,,,,,,,,,,,,,,,,,,,,,,,,,,,
779237310249557,,201765839840980,Hometalk,,17,"06/06/2023 08:06",,,Lifetime,,,,,,,,,,,,,,,,,,,,,,,,6.64,,680620.74,,37925,109778,149,4,27,,,,,,,,,,,,,,,,,,,,,,,,,,,,,,,,,,,,,,,,,,,,,,,,,,,,,,,,,,,,,,,,,,,,,,,,,,,,,,
251448447529168,,201765839840980,Hometalk,,27,"06/07/2023 07:06",,,Lifetime,,,,,,,,,,,,,,,,,,,,,,,,6.12,,698437.13,,45321,111807,117,4,14,,,,,,,,,,,,,,,,,,,,,,,,,,,,,,,,,,,,,,,,,,,,,,,,,,,,,,,,,,,,,,,,,,,,,,,,,,,,,,
3530529260560777,,201765839840980,Hometalk,,18,"06/08/2023 08:06",,,Lifetime,,,,,,,,,,,,,,,,,,,,,,,,10.03,,11130806.63,,519600,782670,3518,162,1316,,,,,,,,,,,,,,,,,,,,,,,,,,,,,,,,,,,,,,,,,,,,,,,,,,,,,,,,,,,,,,,,,,,,,,,,,,,,,,
973337400516746,,201765839840980,Hometalk,,19,"06/10/2023 08:06",,,Lifetime,,,,,,,,,,,,,,,,,,,,,,,,8.89,,1823172.28,,93400,198900,1421,72,808,,,,,,,,,,,,,,,,,,,,,,,,,,,,,,,,,,,,,,,,,,,,,,,,,,,,,,,,,,,,,,,,,,,,,,,,,,,,,,
639981987632399,,201765839840980,Hometalk,,25,"06/12/2023 08:06",,,Lifetime,,,,,,,,,,,,,,,,,,,,,,,,8.92,,839977.65,,46400,91376,285,20,27,,,,,,,,,,,,,,,,,,,,,,,,,,,,,,,,,,,,,,,,,,,,,,,,,,,,,,,,,,,,,,,,,,,,,,,,,,,,,,
1450921588992607,,201765839840980,Hometalk,,11,"06/14/2023 08:06",,,Lifetime,,,,,,,,,,,,,,,,,,,,,,,,6.48,,224250.17,,14436,38240,137,7,39,,,,,,,,,,,,,,,,,,,,,,,,,,,,,,,,,,,,,,,,,,,,,,,,,,,,,,,,,,,,,,,,,,,,,,,,,,,,,,
923644255416197,,201765839840980,Hometalk,,17,"06/16/2023 08:06",,,Lifetime,,,,,,,,,,,,,,,,,,,,,,,,8.77,,2515921.12,,125915,341742,1774,18,279,,,,,,,,,,,,,,,,,,,,,,,,,,,,,,,,,,,,,,,,,,,,,,,,,,,,,,,,,,,,,,,,,,,,,,,,,,,,,,
607365924701983,,201765839840980,Hometalk,,15,"06/18/2023 08:06",,,Lifetime,,,,,,,,,,,,,,,,,,,,,,,,7.14,,1089711.63,,56383,159617,672,20,103,,,,,,,,,,,,,,,,,,,,,,,,,,,,,,,,,,,,,,,,,,,,,,,,,,,,,,,,,,,,,,,,,,,,,,,,,,,,,,
3716101312009495,,201765839840980,Hometalk,,16,"06/20/2023 08:06",,,Lifetime,,,,,,,,,,,,,,,,,,,,,,,,8.08,,1288040.88,,68412,159474,957,22,505,,,,,,,,,,,,,,,,,,,,,,,,,,,,,,,,,,,,,,,,,,,,,,,,,,,,,,,,,,,,,,,,,,,,,,,,,,,,,,
762405832245422,,201765839840980,Hometalk,,20,"06/22/2023 08:06",,,Lifetime,,,,,,,,,,,,,,,,,,,,,,,,8.6,,388741.28,,21229,49913,173,7,62,,,,,,,,,,,,,,,,,,,,,,,,,,,,,,,,,,,,,,,,,,,,,,,,,,,,,,,,,,,,,,,,,,,,,,,,,,,,,,
984337029669597,,201765839840980,Hometalk,,18,"06/23/2023 08:06",,,Lifetime,,,,,,,,,,,,,,,,,,,,,,,,10.4,,7711568.55,,391081,538986,16834,1421,5357,,,,,,,,,,,,,,,,,,,,,,,,,,,,,,,,,,,,,,,,,,,,,,,,,,,,,,,,,,,,,,,,,,,,,,,,,,,,,,
1606609673165211,,201765839840980,Hometalk,,14,"06/25/2023 08:06",,,Lifetime,,,,,,,,,,,,,,,,,,,,,,,,8.4,,1891394.35,,112029,239265,896,11,184,,,,,,,,,,,,,,,,,,,,,,,,,,,,,,,,,,,,,,,,,,,,,,,,,,,,,,,,,,,,,,,,,,,,,,,,,,,,,,
636245615089965,,201765839840980,Hometalk,,15,"06/27/2023 08:06",,,Lifetime,,,,,,,,,,,,,,,,,,,,,,,,10.43,,3618456.02,,201411,331250,3947,130,1732,,,,,,,,,,,,,,,,,,,,,,,,,,,,,,,,,,,,,,,,,,,,,,,,,,,,,,,,,,,,,,,,,,,,,,,,,,,,,,
282661027545313,,201765839840980,Hometalk,,11,"06/29/2023 08:06",,,Lifetime,,,,,,,,,,,,,,,,,,,,,,,,8.25,,1163811.63,,72258,145366,337,11,35,,,,,,,,,,,,,,,,,,,,,,,,,,,,,,,,,,,,,,,,,,,,,,,,,,,,,,,,,,,,,,,,,,,,,,,,,,,,,,
6753122984719829,,201765839840980,Hometalk,,18,"06/30/2023 08:06",,,Lifetime,,,,,,,,,,,,,,,,,,,,,,,,5.49,,469272.37,,30570,89899,131,9,12,,,,,,,,,,,,,,,,,,,,,,,,,,,,,,,,,,,,,,,,,,,,,,,,,,,,,,,,,,,,,,,,,,,,,,,,,,,,,,
1255104118451513,,201765839840980,Hometalk,"Buy an $11 Walmart mirror (BRILLIANT!)",198,"04/02/2023 15:04",,,Lifetime,191197,2486729,7832,649,181721,11950,622962,47779,638653,50068,485073,35805,326034,24475,224454,20471,8636,196107,675266,693611,524656,353279,246980,24.69,879679,122730116.75,879679,2698544,5251872,36780,710,6736,5446883,5490,2560,3565,3193,2305,1827,2316,1652,2329,1668,1427,1502,,1367,1280,1243,1060,793,890,1234,761,938,883,991,,2388535,73328,25479,43506,14289,12945,9107,6048,7849,3768,4905,6315,3447,8580,2894,3888,4244,3779,3758,3939,969,,1031,,,,,,,,,,,,,,,,,,,,,,,,,,,,,
609292220747759,,326517011093207,"DIY with Hometalk","Everyone will be buying jumbo Dollar Store Easter eggs when they see this!",186,"04/01/2023 15:04",,,Lifetime,307087,3180398,10496,1037,184885,16397,693378,77004,767928,79853,638943,58513,512117,41437,372651,32846,11724,203271,774834,853515,701999,557419,408579,17.72,388513,99473174.94,393441,3511358,5965269,54333,3848,15780,6134808,6594,4094,4417,10489,5653,5054,4346,3068,4545,2152,3768,4474,1854,2092,3385,3269,,1925,2972,1684,1783,1452,1403,,,3002142,78075,51813,38780,25405,30232,21129,12561,12293,8393,10530,18020,7658,7288,4963,9483,12259,7445,4816,14336,1497,,,,2936,,,,2147,,,,,,,,,,,,
646834666981707,,326517011093207,"DIY with Hometalk",,16,"06/28/2023 08:06",,,Lifetime,,,,,,,,,,,,,,,,,,,,,,,,10.6,,1745979.82,,90565,176719,2295,63,1190,,,,,,,,,,,,,,,,,,,,,,,,,,,,,,,,,,,,,,,,,,,,,,,,,,,,,,,,,,,,,,,,,,,
102458886229320,,326517011093207,"DIY with Hometalk",,16,"06/26/2023 08:06",,,Lifetime,,,,,,,,,,,,,,,,,,,,,,,,10.24,,1658358.19,,83964,160173,2573,42,1468,,,,,,,,,,,,,,,,,,,,,,,,,,,,,,,,,,,,,,,,,,,,,,,,,,,,,,,,,,,,,,,,,,,
987498552584227,,326517011093207,"DIY with Hometalk",,16,"06/24/2023 08:06",,,Lifetime,,,,,,,,,,,,,,,,,,,,,,,,8.74,,902967.55,,47406,105181,986,37,480,,,,,,,,,,,,,,,,,,,,,,,,,,,,,,,,,,,,,,,,,,,,,,,,,,,,,,,,,,,,,,,,,,,
788647916267199,,326517011093207,"DIY with Hometalk",,17,"06/21/2023 08:06",,,Lifetime,,,,,,,,,,,,,,,,,,,,,,,,7.03,,720228.02,,38644,108087,404,14,138,,,,,,,,,,,,,,,,,,,,,,,,,,,,,,,,,,,,,,,,,,,,,,,,,,,,,,,,,,,,,,,,,,,
6537158636323768,,326517011093207,"DIY with Hometalk",,16,"06/19/2023 08:06",,,Lifetime,,,,,,,,,,,,,,,,,,,,,,,,10.34,,3761629.83,,179286,379484,2617,62,897,,,,,,,,,,,,,,,,,,,,,,,,,,,,,,,,,,,,,,,,,,,,,,,,,,,,,,,,,,,,,,,,,,,
288551020402045,,326517011093207,"DIY with Hometalk",,16,"06/17/2023 08:06",,,Lifetime,,,,,,,,,,,,,,,,,,,,,,,,9.24,,1775822.45,,93771,179704,2129,48,1212,,,,,,,,,,,,,,,,,,,,,,,,,,,,,,,,,,,,,,,,,,,,,,,,,,,,,,,,,,,,,,,,,,,
775101450740430,,326517011093207,"DIY with Hometalk",,18,"06/15/2023 08:06",,,Lifetime,,,,,,,,,,,,,,,,,,,,,,,,7.15,,1473195.85,,70976,201976,1400,58,885,,,,,,,,,,,,,,,,,,,,,,,,,,,,,,,,,,,,,,,,,,,,,,,,,,,,,,,,,,,,,,,,,,,
789907262542774,,326517011093207,"DIY with Hometalk",,16,"06/13/2023 08:06",,,Lifetime,,,,,,,,,,,,,,,,,,,,,,,,5.06,,528873.99,,26748,108540,332,5,100,,,,,,,,,,,,,,,,,,,,,,,,,,,,,,,,,,,,,,,,,,,,,,,,,,,,,,,,,,,,,,,,,,,
2459250504229801,,326517011093207,"DIY with Hometalk",,12,"06/11/2023 08:06",,,Lifetime,,,,,,,,,,,,,,,,,,,,,,,,6.34,,1352843.92,,82850,224499,1371,53,564,,,,,,,,,,,,,,,,,,,,,,,,,,,,,,,,,,,,,,,,,,,,,,,,,,,,,,,,,,,,,,,,,,,
1548502779016422,,326517011093207,"DIY with Hometalk",,18,"06/09/2023 08:06",,,Lifetime,,,,,,,,,,,,,,,,,,,,,,,,5.22,,380669.77,,19946,72987,110,1,29,,,,,,,,,,,,,,,,,,,,,,,,,,,,,,,,,,,,,,,,,,,,,,,,,,,,,,,,,,,,,,,,,,,
2388077284726432,,326517011093207,"DIY with Hometalk",,31,"06/05/2023 08:06",,,Lifetime,,,,,,,,,,,,,,,,,,,,,,,,9.79,,581977.86,,22688,62528,211,106,24,,,,,,,,,,,,,,,,,,,,,,,,,,,,,,,,,,,,,,,,,,,,,,,,,,,,,,,,,,,,,,,,,,,
618454586664148,,326517011093207,"DIY with Hometalk",,15,"06/03/2023 08:06",,,Lifetime,,,,,,,,,,,,,,,,,,,,,,,,9.25,,2565427.94,,143485,278443,2868,143,1503,,,,,,,,,,,,,,,,,,,,,,,,,,,,,,,,,,,,,,,,,,,,,,,,,,,,,,,,,,,,,,,,,,,
950139216230107,,326517011093207,"DIY with Hometalk",,17,"06/01/2023 08:06",,,Lifetime,,,,,,,,,,,,,,,,,,,,,,,,6.52,,632622.11,,32368,103144,266,5,71,,,,,,,,,,,,,,,,,,,,,,,,,,,,,,,,,,,,,,,,,,,,,,,,,,,,,,,,,,,,,,,,,,,
291373139897429,,326517011093207,"DIY with Hometalk",,19,"05/30/2023 08:05",,,Lifetime,,,,,,,,,,,,,,,,,,,,,,,,5.12,,441516.14,,24648,88098,141,7,40,,,,,,,,,,,,,,,,,,,,,,,,,,,,,,,,,,,,,,,,,,,,,,,,,,,,,,,,,,,,,,,,,,,
160264480076487,,326517011093207,"DIY with Hometalk",,16,"05/28/2023 08:05",,,Lifetime,,,,,,,,,,,,,,,,,,,,,,,,7.36,,1218695.14,,69542,170274,356,18,123,,,,,,,,,,,,,,,,,,,,,,,,,,,,,,,,,,,,,,,,,,,,,,,,,,,,,,,,,,,,,,,,,,,
127875050290679,,326517011093207,"DIY with Hometalk",,15,"05/26/2023 08:05",,,Lifetime,,,,,,,,,,,,,,,,,,,,,,,,5.44,,560171.95,,32006,108012,421,14,178,,,,,,,,,,,,,,,,,,,,,,,,,,,,,,,,,,,,,,,,,,,,,,,,,,,,,,,,,,,,,,,,,,,
994511025236494,,326517011093207,"DIY with Hometalk",,14,"05/23/2023 08:05",,,Lifetime,,,,,,,,,,,,,,,,,,,,,,,,8.6,,1968053.5,,108574,232497,2243,110,1209,,,,,,,,,,,,,,,,,,,,,,,,,,,,,,,,,,,,,,,,,,,,,,,,,,,,,,,,,,,,,,,,,,,
787798455944809,,326517011093207,"DIY with Hometalk",,21,"05/21/2023 08:05",,,Lifetime,,,,,,,,,,,,,,,,,,,,,,,,9.46,,2253977.53,,96229,246846,1329,51,534,,,,,,,,,,,,,,,,,,,,,,,,,,,,,,,,,,,,,,,,,,,,,,,,,,,,,,,,,,,,,,,,,,,
187150147541048,,326517011093207,"DIY with Hometalk",,15,"05/19/2023 08:05",,,Lifetime,,,,,,,,,,,,,,,,,,,,,,,,8.25,,1646772.97,,92068,213948,281,19,114,,,,,,,,,,,,,,,,,,,,,,,,,,,,,,,,,,,,,,,,,,,,,,,,,,,,,,,,,,,,,,,,,,,
628168466022942,,326517011093207,"DIY with Hometalk",,16,"05/16/2023 08:05",,,Lifetime,,,,,,,,,,,,,,,,,,,,,,,,8.45,,1829484.61,,115097,230467,302,15,91,,,,,,,,,,,,,,,,,,,,,,,,,,,,,,,,,,,,,,,,,,,,,,,,,,,,,,,,,,,,,,,,,,,
170514142620468,,326517011093207,"DIY with Hometalk",,10,"05/14/2023 08:05",,,Lifetime,,,,,,,,,,,,,,,,,,,,,,,,5.43,,766488.17,,49359,154031,270,12,105,,,,,,,,,,,,,,,,,,,,,,,,,,,,,,,,,,,,,,,,,,,,,,,,,,,,,,,,,,,,,,,,,,,
1668149820367651,,326517011093207,"DIY with Hometalk",,15,"05/10/2023 08:05",,,Lifetime,,,,,,,,,,,,,,,,,,,,,,,,9.8,,14377574.81,,642045,1887833,9009,219,1610,,,,,,,,,,,,,,,,,,,,,,,,,,,,,,,,,,,,,,,,,,,,,,,,,,,,,,,,,,,,,,,,,,,
916137616286976,,326517011093207,"DIY with Hometalk",,20,"05/07/2023 08:05",,,Lifetime,,,,,,,,,,,,,,,,,,,,,,,,10.81,,5275486.05,,252478,477091,7117,305,3036,,,,,,,,,,,,,,,,,,,,,,,,,,,,,,,,,,,,,,,,,,,,,,,,,,,,,,,,,,,,,,,,,,,
618562566810340,,326517011093207,"DIY with Hometalk",,5,"05/05/2023 08:05",,,Lifetime,,,,,,,,,,,,,,,,,,,,,,,,5.44,,680440.04,,58374,130893,199,19,40,,,,,,,,,,,,,,,,,,,,,,,,,,,,,,,,,,,,,,,,,,,,,,,,,,,,,,,,,,,,,,,,,,,
6748208921875680,,326517011093207,"DIY with Hometalk",,11,"05/02/2023 08:05",,,Lifetime,,,,,,,,,,,,,,,,,,,,,,,,7.16,,1356931.66,,83328,197586,617,16,273,,,,,,,,,,,,,,,,,,,,,,,,,,,,,,,,,,,,,,,,,,,,,,,,,,,,,,,,,,,,,,,,,,,
1433484890813232,,326517011093207,"DIY with Hometalk",,8,"04/29/2023 08:04",,,Lifetime,,,,,,,,,,,,,,,,,,,,,,,,5.85,,991476.9,,77077,183322,318,0,105,,,,,,,,,,,,,,,,,,,,,,,,,,,,,,,,,,,,,,,,,,,,,,,,,,,,,,,,,,,,,,,,,,,
1197228807646494,,326517011093207,"DIY with Hometalk",,15,"04/27/2023 08:04",,,Lifetime,,,,,,,,,,,,,,,,,,,,,,,,7.3,,612172.58,,37612,86675,220,14,54,,,,,,,,,,,,,,,,,,,,,,,,,,,,,,,,,,,,,,,,,,,,,,,,,,,,,,,,,,,,,,,,,,,
179630708299990,,326517011093207,"DIY with Hometalk",,15,"04/25/2023 08:04",,,Lifetime,,,,,,,,,,,,,,,,,,,,,,,,6.5,,729162.08,,42352,115330,122,1,16,,,,,,,,,,,,,,,,,,,,,,,,,,,,,,,,,,,,,,,,,,,,,,,,,,,,,,,,,,,,,,,,,,,
936286984237324,,326517011093207,"DIY with Hometalk",,20,"04/22/2023 08:04",,,Lifetime,,,,,,,,,,,,,,,,,,,,,,,,7.2,,994574.91,,56182,153763,222,16,47,,,,,,,,,,,,,,,,,,,,,,,,,,,,,,,,,,,,,,,,,,,,,,,,,,,,,,,,,,,,,,,,,,,
190463953844869,,326517011093207,"DIY with Hometalk",,15,"04/20/2023 08:04",,,Lifetime,,,,,,,,,,,,,,,,,,,,,,,,7.18,,942315.12,,54292,141277,213,11,76,,,,,,,,,,,,,,,,,,,,,,,,,,,,,,,,,,,,,,,,,,,,,,,,,,,,,,,,,,,,,,,,,,,
191508207005693,,326517011093207,"DIY with Hometalk",,19,"04/18/2023 04:04",,,Lifetime,,,,,,,,,,,,,,,,,,,,,,,,7.21,,728906.43,,38662,113871,131,3,37,,,,,,,,,,,,,,,,,,,,,,,,,,,,,,,,,,,,,,,,,,,,,,,,,,,,,,,,,,,,,,,,,,,
1281537116048624,,326517011093207,"DIY with Hometalk",,20,"04/16/2023 08:04",,,Lifetime,,,,,,,,,,,,,,,,,,,,,,,,7.65,,945893.96,,49783,129286,264,7,89,,,,,,,,,,,,,,,,,,,,,,,,,,,,,,,,,,,,,,,,,,,,,,,,,,,,,,,,,,,,,,,,,,,
1247832339164919,,326517011093207,"DIY with Hometalk",,34,"04/14/2023 08:04",,,Lifetime,,,,,,,,,,,,,,,,,,,,,,,,19.04,,58919814.87,,1919678,2438235,57483,7112,30645,,,,,,,,,,,,,,,,,,,,,,,,,,,,,,,,,,,,,,,,,,,,,,,,,,,,,,,,,,,,,,,,,,,
3451656508387080,,326517011093207,"DIY with Hometalk",,16,"04/10/2023 08:04",,,Lifetime,,,,,,,,,,,,,,,,,,,,,,,,4.73,,402584.87,,28073,95536,102,2,26,,,,,,,,,,,,,,,,,,,,,,,,,,,,,,,,,,,,,,,,,,,,,,,,,,,,,,,,,,,,,,,,,,,
2021036618244324,,326517011093207,"DIY with Hometalk",,15,"04/07/2023 08:04",,,Lifetime,,,,,,,,,,,,,,,,,,,,,,,,3.32,,218483.62,,14374,74345,59,0,4,,,,,,,,,,,,,,,,,,,,,,,,,,,,,,,,,,,,,,,,,,,,,,,,,,,,,,,,,,,,,,,,,,,
3322365674650868,,326517011093207,"DIY with Hometalk",,22,"04/05/2023 08:04",,,Lifetime,,,,,,,,,,,,,,,,,,,,,,,,6.83,,577016.55,,32899,90513,83,5,8,,,,,,,,,,,,,,,,,,,,,,,,,,,,,,,,,,,,,,,,,,,,,,,,,,,,,,,,,,,,,,,,,,,
946490839686020,,326517011093207,"DIY with Hometalk",,13,"04/02/2023 08:04",,,Lifetime,,,,,,,,,,,,,,,,,,,,,,,,9.82,,1556334.89,,89343,155605,465,13,77,,,,,,,,,,,,,,,,,,,,,,,,,,,,,,,,,,,,,,,,,,,,,,,,,,,,,,,,,,,,,,,,,,,
965612064750664,,326517011093207,"DIY with Hometalk","Look what she did with Dollar Store gems and an old window!",212,"06/30/2023 15:06",,,Lifetime,3142,39403,52,22,357,103,2094,309,4540,463,8074,563,11298,660,12988,1022,75,471,2421,5046,8687,12046,14140,19.9,8811,1782260.33,8833,42886,100579,797,39,290,102327,188,206,231,165,147,112,156,131,161,113,85,99,57,95,91,54,60,61,58,86,54,82,,75,56,27021,2586,1282,933,1048,785,528,482,457,339,473,412,201,235,213,357,209,404,263,345,62,,,,,,,,,,,,,,,,,,,,
262796083105566,,326517011093207,"DIY with Hometalk","Wrap twinkle lights around a Dollar Store fence for this genius idea!",184,"06/24/2023 15:06",,,Lifetime,20871,252295,404,196,3017,1024,17435,2664,44562,3792,69299,4441,66516,4385,51062,4369,609,4089,20232,48667,74217,71409,55954,23.29,65456,13429509.35,66118,275158,700879,4061,82,2318,718843,1115,1276,3214,1851,1469,1086,888,835,729,564,638,1012,,639,707,547,,,411,896,,357,548,565,,140848,18311,10429,15200,6654,6977,4792,5646,2523,2248,2507,5124,1319,4011,1273,2127,2480,2718,3688,2456,655,,783,589,689,,,,354,,,,,,,,,,,,
1675492939541350,,326517011093207,"DIY with Hometalk","This under $30 idea will make your garden look amazing!",232,"06/22/2023 15:06",,,Lifetime,13432,178779,209,114,1638,499,7577,1150,16742,1633,31691,2188,51910,3109,69012,4739,324,2169,8797,18549,34138,55448,74416,28.46,50073,11054303.74,51274,193844,404553,3322,175,861,448404,853,1109,788,1246,590,826,418,674,689,367,581,508,316,430,578,310,,268,256,,245,305,,225,223,124745,10919,7573,2919,5399,2307,2480,1274,1894,2170,1860,1905,1020,783,685,1072,2120,1013,769,1489,,,,,387,,,,303,,,229,,,,,,,,,
228168930005595,,326517011093207,"DIY with Hometalk","The epic reason people are buying up Dollar Store hanging baskets",190,"06/17/2023 15:06",,,Lifetime,6223,77864,38,14,585,129,3596,497,8076,793,14438,1103,22118,1449,29013,2238,52,723,4117,8951,15658,23762,31523,19.41,18488,3747458.49,18659,84786,203730,1541,46,354,219906,458,379,349,317,318,335,313,303,274,207,207,228,174,112,245,107,,112,155,93,112,184,,91,101,55341,4650,3228,1349,1658,1222,911,734,952,768,700,826,503,428,415,621,594,443,438,734,,,,,100,,,,109,,,,,,,,,,,,
779741870256339,,326517011093207,"DIY with Hometalk","Stick an old phone book into a pot... (brilliant!)",205,"06/15/2023 15:06",,,Lifetime,12421,155289,53,17,917,217,4969,710,11822,1231,24181,1817,45895,3120,67452,5309,70,1155,5713,13178,26237,49405,73409,28.51,63177,9023706.85,66931,169168,327970,1840,75,428,342348,452,934,375,641,565,349,350,491,331,203,444,294,197,,242,235,135,142,200,138,185,245,,,,115465,12273,8497,1767,4233,2366,1823,671,1501,1080,1545,998,990,532,1010,826,740,475,364,831,,,,,183,,,,157,136,,135,,,,,,,,,
654803366440619,,326517011093207,"DIY with Hometalk","Grab a Dollar Store flower pot for this genius idea!",213,"06/10/2023 15:06",,,Lifetime,16754,177802,166,48,1796,489,10933,1750,26459,2919,42030,3506,48727,3767,47691,4275,217,2320,12758,29611,45882,52944,52469,23.24,39934,8915014.93,39934,196201,428733,1958,50,924,430411,711,879,935,1360,996,895,693,639,639,354,536,846,350,261,635,404,,315,384,276,298,233,,,,118710,12826,6623,3720,3973,4163,2945,1488,2551,2076,1641,3125,1109,986,1092,1865,1313,1336,917,2498,,,,,463,,,,377,214,,,,,,,,268,,,
752393129963275,,326517011093207,"DIY with Hometalk","Pour Elmer's Glue into glass for this gorgeous idea!",193,"06/08/2023 18:06",,,Lifetime,5847,88791,55,21,784,156,4839,557,11252,855,20063,1052,25743,1365,26055,1841,77,959,5430,12220,21313,27319,28136,21.3,21253,4738908.4,21813,95459,243221,1594,21,374,260235,403,436,466,514,340,352,353,266,328,166,198,364,143,,239,173,109,119,137,127,118,165,,110,,60521,5934,3076,2103,2008,1690,1206,732,1179,993,919,873,489,463,318,712,799,537,565,986,128,,,,120,,,,152,,,,,,,,,,,,
1261024481467113,,326517011093207,"DIY with Hometalk","Place a book by your TV... (GENIUS!)",205,"06/06/2023 15:06",,,Lifetime,3071,29464,25,8,276,63,1651,244,3738,413,5916,544,8124,724,9734,1075,33,345,1909,4189,6515,8931,10917,15.97,7643,1634344.25,7684,32839,117095,358,10,79,124082,154,146,178,125,122,93,142,74,88,79,55,81,,37,68,41,55,58,41,41,,49,47,43,,20553,2012,1311,873,719,473,330,380,449,293,343,235,174,229,160,197,239,273,167,236,54,46,44,,,,,,,,,,,,,,,,,,
821745322286688,,326517011093207,"DIY with Hometalk","Do THIS behind your stove to gain INSTANT storage (so genius!)",206,"06/04/2023 15:06",,,Lifetime,83107,651669,590,211,6919,1921,45995,8988,115637,16730,178886,20464,176578,18908,127064,15885,812,9015,55343,133385,200794,197085,144370,22.72,159631,31401424.46,161525,740808,1395981,10409,324,6145,1502793,3743,3196,6557,5772,4566,3197,3087,1785,1640,1061,1662,3149,,1152,2317,1146,,1009,1013,1726,,,1111,1166,,392201,69049,16328,44328,16546,19859,8143,10427,8450,7395,7229,9859,2454,6592,2444,6593,2973,9770,4324,8672,1397,,1461,,1750,,,,911,,1065,,,,,,,,,,
207985628260591,,326517011093207,"DIY with Hometalk","Grab a hair dryer and a balloon for this BRILLIANT hack!",203,"06/02/2023 15:06",,,Lifetime,3227,38328,41,34,371,122,1874,300,4710,431,8896,563,11491,726,10945,1051,76,501,2186,5175,9536,12326,12105,17.94,7814,1848588.85,7814,41906,119949,697,11,236,127315,154,162,241,189,159,110,143,110,142,78,81,104,60,71,92,56,,55,,70,,69,54,81,,25739,2595,1488,1332,1162,747,487,497,491,338,486,291,238,305,176,309,317,327,245,202,72,,,,,57,,,53,,,,,,,,,,56,,
636596095030861,,326517011093207,"DIY with Hometalk","Cut up check mesh for this stunning front door idea!",219,"05/31/2023 15:05",,,Lifetime,4275,47994,30,13,468,87,2697,422,5777,632,9020,770,13704,949,16298,1402,43,559,3139,6464,9859,14782,17834,14.62,8840,1739636.29,8840,52681,123873,632,23,100,125710,279,208,176,202,178,157,171,148,216,116,106,122,89,61,136,82,60,71,99,62,60,62,,67,,34785,2717,2134,973,889,821,503,397,707,406,469,334,276,258,225,393,451,348,219,485,60,,,,,61,,,,,,,,,,,,,,,
214368614735673,,326517011093207,"DIY with Hometalk","Cut a mop handle in half - this is GENIUS!",181,"05/29/2023 15:05",,,Lifetime,69154,651969,375,162,4505,1206,23012,3624,61717,6567,129003,11641,200684,18501,232673,27453,541,5848,26881,68978,141850,221140,262716,35.7,288094,46926793.93,297823,727963,1343980,7733,213,1831,1488106,2551,3940,2187,4229,3312,1994,2083,2281,1943,1836,2352,1725,1174,,1374,1150,1338,791,1124,,1083,1971,,791,,426058,48028,49634,10974,23173,14732,9491,5103,10348,7684,14831,5132,5458,2913,6621,6951,5422,3746,1720,4422,,788,,,843,,,,1131,,,976,,,,,,,,,
3575465346070235,,326517011093207,"DIY with Hometalk","Stick a coffee filter into a flower pot for this BRILLIANT patio idea!",230,"05/27/2023 15:05",,,Lifetime,142238,1385527,1138,508,15115,3989,94003,14496,224595,24413,345764,31013,384272,33248,320640,34571,1665,19416,109286,251242,379984,421421,358963,30.79,661954,93008802.27,669683,1541995,3050947,14574,680,7821,3270851,3667,6985,2870,10980,6083,4594,2920,7110,2292,1619,4655,4033,,1208,3039,2917,,1310,1697,,2449,1773,,,,1009758,152345,57103,17537,28471,34885,20871,5561,10905,9819,10783,16421,7253,4625,7762,6748,10380,3869,2375,9032,,,,,3376,,,,2078,1382,,1417,,1264,,,,1644,,,
168320322609094,,326517011093207,"DIY with Hometalk","Triple your storage with this surprising Dollar Store hack!",197,"05/25/2023 15:05",,,Lifetime,21871,311512,289,94,2759,657,14624,1921,39024,3010,75601,4270,93673,5358,85542,6561,385,3469,16651,42330,80342,99706,92852,21.8,81731,17175063.89,84157,335736,899985,5655,137,3680,962121,959,993,1166,1529,1092,873,836,922,533,559,521,795,345,445,644,463,,309,367,333,304,390,,392,,232490,22528,7711,8867,5316,6085,3187,3444,2131,2160,1703,2738,1080,2401,1029,1840,1648,1652,1360,1742,,,307,,612,,,,310,,,,,,,,,,,,
1375585123295588,,326517011093207,"DIY with Hometalk","Declutter your countertop with this brilliant Dollar Store idea!",190,"05/20/2023 15:05",,,Lifetime,94755,1608617,2059,471,24105,3154,173041,11796,407940,20399,469719,23381,340601,19451,191152,16103,2569,27672,185866,430997,496144,362591,209263,23.6,396242,76982542.32,400197,1715109,3583853,25009,587,17303,3675865,5775,5311,18072,15478,15173,6071,10054,4817,3295,2765,4122,8014,,,4540,3670,,,,6132,,,4004,4191,,805522,96183,36548,169430,32303,84819,28971,46558,21968,13627,13165,31580,5794,15724,4165,21221,5384,24155,20499,16666,4742,,6786,3446,3904,,2707,,,2782,2669,,,,,,,,,,2796
6125074140908066,,326517011093207,"DIY with Hometalk","5 brilliant kitchen hacks you won't believe you didn't know!",183,"05/18/2023 10:05",,,Lifetime,19766,163387,261,168,1921,732,9701,1836,21575,3007,35575,3827,44718,4400,49636,5796,432,2692,11616,24784,39703,49512,55925,23.29,48520,8901628.83,49094,184665,438255,3057,35,966,464296,2512,936,710,1923,1315,957,1152,701,1623,1101,602,799,583,1343,801,575,,371,375,,,705,,872,,81526,10269,9793,4590,4202,6331,3389,1876,3288,3466,4559,2358,1435,666,1318,2689,3986,1394,840,2026,,396,,,470,,,,359,,,,,,593,373,,,,,
913360879888721,,326517011093207,"DIY with Hometalk","Grab a Walmart folding chair for this brilliant idea!",197,"05/13/2023 15:05",,,Lifetime,63902,802787,577,196,7398,1687,45858,6227,120481,11010,209484,14114,235607,15178,183382,15490,794,9255,52431,132551,225239,252841,200763,30.37,241408,48594481.8,245262,873881,1781758,12846,256,6860,1894780,2713,2651,4687,4836,5014,2233,2989,1878,1546,1405,1537,2488,,1285,1564,1602,841,,1005,1339,,1013,,896,,538086,66835,22803,41203,13962,26135,10614,7860,9363,6216,5587,7343,3056,9858,3220,10030,3390,4276,3419,6600,1016,,1162,,1030,,,,840,837,,,,,,,,,,,
779506530560060,,326517011093207,"DIY with Hometalk","4 stunning ways to totally transform your boring blank walls!",204,"05/11/2023 15:05",,,Lifetime,321722,3032930,17806,2422,325275,29302,1447883,131551,825535,104418,230168,31975,112072,12077,74191,9977,20437,356948,1585642,937181,264535,125259,85124,30.18,927645,204318382.36,928286,3375143,6818167,116606,2424,23796,7239087,91646,25574,44884,105193,46783,51443,31052,23766,31403,21911,27781,39512,,28023,31598,19048,,,,13962,15651,16072,,54630,,388531,101531,116055,172570,100242,235009,110162,65754,36195,47665,59200,172684,28565,12937,,55246,64181,74197,34084,208259,,,,,21415,22298,,17702,14035,13392,,,13482,13063,,,,,,,
255066893705685,,326517011093207,"DIY with Hometalk","5 BRILLIANT living room hacks you’ll wish you’d seen sooner!",189,"05/08/2023 10:05",,,Lifetime,28199,314032,289,100,3256,748,19738,2565,45507,4448,74572,5892,88110,6607,82560,7839,396,4087,22451,50449,81193,95620,91276,27.99,90505,18648662.54,90505,345475,713915,5265,88,1860,819792,1555,1430,1069,2305,2064,1209,1743,1234,955,761,922,991,528,618,1007,796,372,406,637,,501,970,,574,,196822,20203,21723,5852,8624,11630,5654,2508,5661,3926,4623,3092,2673,1316,2468,5033,1898,1721,1270,2972,,,,,,377,,,584,491,,,,,,,,,,,
185827577673777,,326517011093207,"DIY with Hometalk","5 genius dollar store solar light hacks to try this summer!",199,"05/06/2023 15:05",,,Lifetime,57868,417869,297,117,3713,1190,22840,5127,57354,9372,99526,12456,125028,14972,109111,14634,418,4995,28156,67264,112785,141039,124719,25.5,94349,22991081.39,94349,479379,1050682,7417,215,3765,1127697,1390,1361,1168,2581,2109,1268,1132,1350,743,717,1080,1291,430,539,891,860,,456,605,,571,416,,363,,333112,32119,15831,6726,6647,9707,6507,2261,3541,2818,2896,5070,2359,2313,1778,3073,1728,1630,1373,3416,,,,,847,,,,533,414,,,,,,,,366,,,
5760922687347161,,326517011093207,"DIY with Hometalk","5 brilliant patio furniture ideas on a budget!",202,"05/04/2023 10:05",,,Lifetime,2242,24178,22,5,222,46,1365,210,3097,340,5145,438,6993,506,7334,697,27,269,1584,3470,5626,7559,8098,16.22,6187,1334516.08,6187,26636,96426,401,12,98,99001,122,107,81,129,142,103,94,74,64,54,49,62,41,37,84,50,37,43,67,,28,50,,,27,16929,1451,1167,501,374,586,334,160,378,265,285,273,160,164,136,260,138,113,107,295,,,,,27,,,,30,29,,,,,,,,,,,
557272536550951,,326517011093207,"DIY with Hometalk","9 GENIUS ways to hide your spare key (so you never get locked out again!)",193,"05/01/2023 10:05",,,Lifetime,46724,180155,92,57,1567,663,7869,2687,17043,4637,29870,7185,51947,13013,71767,18482,150,2272,10630,21895,37412,65555,91150,28.62,71429,12672220.28,72393,229067,490391,2262,570,621,501948,778,1042,337,813,792,365,475,663,339,267,480,348,175,,280,246,192,154,187,,272,215,,165,,159584,15531,13401,2023,5791,3371,1885,751,1791,1508,2002,1046,1287,473,1584,1279,530,505,503,940,,,,,,,,,184,143,,170,,158,,,,,,,
219398340732396,,326517011093207,"DIY with Hometalk","14 genius ways to light up your outdoor space with Dollar Store finds!",196,"04/29/2023 15:04",,,Lifetime,104965,1378211,1888,674,14724,3802,83250,11904,253647,20455,431518,25955,374386,23771,218798,18404,2586,18746,95618,275532,459800,400485,239036,20.69,307054,63880529.24,307054,1491817,3242165,26378,774,17010,3407080,6785,4447,13540,15989,12766,7745,6647,5009,4551,,4103,7361,,3835,5158,3690,,,2560,5510,,,4529,4347,,692664,70079,52681,112623,22783,56455,26626,35048,13185,13225,8978,37415,6538,14377,5451,23211,11231,13016,33507,14960,4156,,5271,5734,5690,3587,2744,2707,,,,,,,,,,,,,
704368004711953,,326517011093207,"DIY with Hometalk","People are flipping out over this INSANE file cabinet hack!",185,"04/28/2023 10:04",,,Lifetime,80084,461572,189,83,3345,921,20721,4490,51002,9842,91993,15336,142495,22081,151827,27331,277,4368,25422,61502,108414,166337,181184,29.98,204853,29816172.69,204853,547511,1105916,5077,619,1530,1229345,1604,3064,1047,1734,1815,1040,1184,1471,876,635,1302,922,482,389,807,742,464,395,512,,613,606,,,,372036,42859,27845,5282,17930,7656,4599,1461,4408,3271,5330,2773,2924,1225,3470,2710,1836,1575,1063,3125,,,,,392,,,,537,443,,366,,,,,,,,,
945239729951350,,326517011093207,"DIY with Hometalk","25 head-turning ideas for your plain doors.",205,"04/27/2023 15:04",,,Lifetime,80905,427569,598,255,6005,2130,39959,10253,102328,22716,126389,22906,95848,14445,56442,8200,862,8274,50484,125943,150312,111144,65290,28.97,157951,29524037.34,164877,512316,1092455,9552,80,2966,1123800,5007,1854,6505,7978,5112,4196,4168,1648,1710,1665,1593,4064,1317,3088,3205,2037,,2018,1570,,,1271,1300,1634,,155653,22376,17995,36702,9114,32076,16588,17024,14041,9826,6471,14393,3360,2048,2537,15655,3621,13476,4579,10340,1665,,,,1972,1967,,,1509,,,,,,,,,,,,
1560860457736758,,326517011093207,"DIY with Hometalk","11 brilliant ways to a fake high-end planter on a budget!",192,"04/22/2023 15:04",,,Lifetime,5484,76212,79,18,853,177,4984,628,12042,880,18965,1171,20753,1169,18536,1441,98,1042,5651,13010,20294,22075,20143,17.59,13501,3144424.03,13501,82315,201678,787,16,270,209072,410,309,446,478,332,294,372,223,255,180,188,191,123,145,215,154,,115,124,131,,238,131,123,,50093,4714,3019,2483,1490,1947,1088,1007,1309,716,766,732,442,433,402,787,633,596,499,576,109,,,,99,,,,109,,,,,,,,,,,,
1246336769360159,,326517011093207,"DIY with Hometalk","Place an ashtray in a Dollar Store basket (13 brilliant ideas!)",188,"04/20/2023 15:04",,,Lifetime,3946,58099,45,19,656,125,4024,428,8472,614,12628,723,15633,885,16641,1152,64,787,4475,9146,13461,16626,17895,22.18,14395,2987319.17,14395,62456,156021,716,12,243,162170,328,195,291,281,264,383,269,150,299,170,118,201,150,102,236,120,,133,144,,,109,102,102,83,37728,3159,2283,1537,955,1257,818,702,937,736,621,577,389,384,244,789,634,452,475,570,102,,,,,,,,97,78,,,,,,,,,,,
1578727132594288,,326517011093207,"DIY with Hometalk","Look what she did with a Dollar Store solar light! (BRILLIANT!)",181,"04/17/2023 15:04",,,Lifetime,6386,54512,38,12,529,190,2572,695,5916,1117,10483,1270,16073,1367,18901,1735,50,729,3292,7089,11841,17587,20794,30.62,24144,4183268.5,24144,61385,163173,619,75,152,163173,182,178,173,151,148,145,142,112,104,102,79,79,75,72,72,70,61,53,52,47,47,47,46,41,39,45789,3173,2081,1104,786,691,464,439,409,365,349,288,271,268,258,254,234,226,202,200,,,,,,,,,,,,,,,,,,,,,
1874684179582177,,326517011093207,"DIY with Hometalk","Dollar Tree frames—who knew, right?!",193,"04/15/2023 15:04",,,Lifetime,9005,115052,176,44,2107,375,12004,1381,22926,1894,27723,1822,27365,1721,22751,1768,220,2513,13460,25002,29783,29297,24722,22.16,24666,5383839.77,24666,125000,274455,1508,20,382,281950,537,305,859,754,539,566,661,279,482,236,272,311,243,294,400,273,,260,256,271,,205,291,,,68617,7383,4516,5384,1763,2945,1871,3895,2252,1409,1309,1365,655,661,509,1501,985,1494,1610,885,275,,197,199,,,,,,,214,,,,,,,,,,
933287004527222,,326517011093207,"DIY with Hometalk","Mix glue and water for this genius DOLLAR STORE jar hack!",207,"04/13/2023 15:04",,,Lifetime,363122,4901597,11329,2252,128838,18152,509939,53853,900771,65945,1137124,70050,1145490,69621,1068106,83249,13769,149244,568531,977017,1220071,1227087,1163799,26.97,1417528,272968621,1417528,5319553,10803722,70304,1961,19980,11381489,17132,21404,14188,50882,15387,15001,13131,14224,19541,6994,18322,13612,12260,7896,13694,8625,7096,5552,,,17856,38455,,9246,,2997169,425869,522406,51956,212943,74442,42067,29605,33059,40551,80620,37314,29951,8277,35998,28390,59573,23263,19711,25055,,,,,6790,,,,15458,,,7062,,,,,,,,7138,
1940703386263360,,326517011093207,"DIY with Hometalk","11 budget home office ideas that only LOOK expensive!",207,"04/08/2023 15:04",,,Lifetime,163999,493234,869,416,10505,4573,64993,25115,131530,47639,132110,42570,94341,26548,58886,17138,1301,15274,90694,180533,176008,121770,76737,22.37,153209,29270060.04,153209,662320,1398536,9289,112,3371,1460997,5562,1328,5392,6183,4162,2622,4409,1518,1216,1859,1492,2327,,3395,2034,1573,,1178,1002,1156,,1219,1554,1132,,349040,36846,19648,28852,6079,28461,9982,25805,10427,4982,5496,9530,2821,2044,2228,10821,2866,9973,4739,5427,1733,,,,1000,1261,,,,,,,,,,,1084,,,,
915461446395979,,326517011093207,"DIY with Hometalk","Hide clutter for $10 (BRILLIANT!)",200,"04/06/2023 15:04",,,Lifetime,4664,69464,53,22,697,119,4803,500,11514,834,16681,971,18730,1004,16986,1214,75,830,5342,12442,17783,19893,18376,24.07,21793,4046595.59,21793,74744,201305,860,21,193,206237,547,269,385,476,374,348,366,194,277,208,207,338,149,115,277,155,,173,158,115,114,176,109,108,,41875,4352,3118,2237,1361,1625,1123,882,1290,854,1015,875,516,443,352,1068,558,547,589,989,162,,,,,,,,125,,,,,,,,,,,,
