"Video asset ID","Universal video ID","Page ID","Page name",Title,"Duration (sec)","Publish time","Custom labels",Comment,Date,"People reached",Comments,Shares,Likes,"3-Second Video Views","Seconds Viewed","Averaged Seconds Viewed","Views by top audience (18-24, M)","Views by top audience (18-24, F)","Views by top audience (13-17, M)","Views by top audience (13-17, F)","Views by top audience (65+, M)","Views by top audience (65+, F)","Views by top audience (55-64, M)","Views by top audience (55-64, F)","Views by top audience (45-54, M)","Views by top audience (45-54, F)","Views by top audience (35-44, M)","Views by top audience (35-44, F)","Views by top audience (25-34, M)","Views by top audience (25-34, F)","Views by top audience (M)","Views by top audience (F)","Unique Video 60-Second Views","60-Second Video Views",Impressions,"Views by top audience (65+)","Views by top audience (55-64)","Views by top audience (45-54)","Views by top audience (35-44)","Views by top audience (25-34)","Views by top audience (18-24)","Views by top audience (13-17)","Views by country (United States (US))","Views by country (United Kingdom (GB))","Views by country (Canada (CA))","Views by country (France (FR))","Views by country (Germany (DE))","Views by country (Mexico (MX))","Views by country (Spain (ES))","Views by country (Greece (GR))","Views by country (Poland (PL))","Views by country (Australia (AU))","Views by country (Brazil (BR))","Views by country (Hungary (HU))","Views by country (South Africa (ZA))","Views by country (Netherlands (NL))","Views by country (Italy (IT))","Views by country (Colombia (CO))","Views by country (Belgium (BE))","Views by country (Ireland (IE))","Views by country (Puerto Rico (PR))","Views by country (Ukraine (UA))","Views by country (Argentina (AR))","Views by country (Portugal (PT))","Views by country (Slovakia (SK))","Views by country (Philippines (PH))","Views by country (Pakistan (PK))","Views by country (Denmark (DK))","Views by country (Sweden (SE))","Views by country (India (IN))","Views by country (Algeria (DZ))","Views by country (Israel (IL))","Views by country (Romania (RO))","Views by country (Serbia (RS))","Views by country (Egypt (EG))","Views by country (Norway (NO))","Views by country (New Zealand (NZ))","Views by country (Bulgaria (BG))","Views by country (Austria (AT))","Views by country (Chile (CL))","Views by country (Croatia (HR))","Views by country (Peru (PE))","Views by country (Macedonia (MK))","Views by country (Iraq (IQ))","Views by country (Iceland (IS))","Views by country (Bosnia and Herzegovina (BA))","Views by country (Malaysia (MY))","Views by country (Czech Republic (CZ))","Views by country (Cuba (CU))","Views by country (Lithuania (LT))","Views by country (Thailand (TH))","Views by country (Ecuador (EC))","Views by country (Switzerland (CH))","Views by country (Costa Rica (CR))","Views by country (Turkey (TR))","Views by country (Dominican Republic (DO))","Views by country (Guatemala (GT))","Views by country (Slovenia (SI))","Views by country (Indonesia (ID))","Views by country (Hong Kong (HK))","Views by country (Trinidad and Tobago (TT))","Views by country (El Salvador (SV))","Views by country (United Arab Emirates (AE))","Views by country (Finland (FI))","Views by country (Singapore (SG))","Views by country (Uruguay (UY))","Views by country (Bangladesh (BD))","Views by country (Jamaica (JM))","Views by country (Guyana (GY))","Views by country (Tunisia (TN))","Views by country (Mongolia (MN))","Views by country (Sri Lanka (LK))","Views by country (Myanmar (MM))","Views by country (Vietnam (VN))","Views by country (Cyprus (CY))","Views by country (Réunion (RE))","Views by country (Georgia (GE))","Views by country (Venezuela (VE))","Views by country (Bolivia (BO))","Views by country (Honduras (HN))","Views by country (Guam (GU))","Views by country (Namibia (NA))"
729326202168116,,201765839840980,Hometalk,,19,"03/30/2023 08:03",,,Lifetime,162170,7,82,340,70140,1349125.6,8.56,,,,,,,,,,,,,,,,,,,,,,,,,,,,,,,,,,,,,,,,,,,,,,,,,,,,,,,,,,,,,,,,,,,,,,,,,,,,,,,,,,,,,,,,,,,,,,,,,,,,,,,,,,
676924157304053,,201765839840980,Hometalk,"Top 6 fake high end decor ideas of 2022!",190,"01/01/2023 10:01",,,Lifetime,6237341,1003,25461,76173,3046351,139635814.22,23.8,31813,290335,2835,13867,16190,129010,22962,226909,39798,409199,73589,751416,98705,923506,285892,2744242,672818,681456,6575490,146427,251299,451453,829521,1026458,324293,16867,699261,83553,72597,135740,65495,514376,49909,26859,93570,26226,226692,23652,29184,20162,65888,61629,26435,,15353,8897,71252,23668,12655,37042,14393,,8759,26015,19715,9632,19705,,11764,,,13223,11212,41375,,25529,,,,,18767,34495,,12870,19313,20927,,15507,,13680,15052,,,,,,,,,,,,,,9997,,,,,,,9965,8952,,,
676692007265323,,201765839840980,Hometalk,"4 genius ways to fake Pottery Barn winter decor!",199,"01/03/2023 10:01",,,Lifetime,138481,6,70,389,47987,1781882.94,15.37,91,511,17,38,1094,11976,826,11768,700,9552,555,6977,309,3215,3592,44037,8103,8274,141916,13182,12688,10317,7590,3543,611,56,25956,2734,2607,1379,919,1657,827,566,1015,505,730,740,442,444,584,308,265,246,252,102,282,233,176,175,124,142,215,273,,76,267,86,,74,151,160,167,205,84,92,,,,,68,445,,121,,,68,67,72,,,,,,,,,,,,,,,,,,,,,,61,,,,,
560598165622764,,201765839840980,Hometalk,"The hottest new wall trend everyone's using in 2023!",137,"01/04/2023 10:01",,,Lifetime,145239,31,56,325,35358,1188709.7,11.44,78,358,14,33,837,8698,620,8296,468,7062,451,5379,260,2535,2728,32361,5997,6047,149422,9615,8981,7580,5877,2815,440,47,17123,2105,1975,1241,753,1367,699,510,816,466,693,552,542,301,504,269,201,199,153,72,281,224,146,200,91,102,153,191,,54,228,92,51,47,153,160,126,194,63,98,,,,,76,309,,79,52,,50,,67,,,,,,,,,,,,,,,,,,,,,,,,,,,
831021594646834,,201765839840980,Hometalk,"Genius vinegar hacks that work like MAGIC!",206,"01/05/2023 10:01",,,Lifetime,181964,22,202,485,68358,3814163.66,24.05,129,726,17,48,1938,20977,1224,15855,963,12001,751,8631,482,4024,5504,62262,19533,20046,189509,23142,17216,13070,9459,4534,867,68,35557,4282,4266,2084,1371,2563,1025,868,1486,1053,855,868,579,635,781,452,389,379,329,165,389,281,271,251,171,285,268,376,,126,371,177,,127,230,258,228,282,140,110,,,,,119,840,,221,113,,99,,122,,91,,,,,,,,,,,,,,,,,,,,,,,,,
703692761092926,,201765839840980,Hometalk,"She pulls a drawer off her nightstand for this genius living room hack!",191,"01/06/2023 10:01",,,Lifetime,97664,19,74,292,28722,1226260.75,14.54,37,254,6,20,773,8484,528,7157,435,5121,361,3491,201,1631,2341,26158,6960,7035,101991,9333,7736,5595,3892,1841,297,27,17214,1368,1665,627,317,724,497,321,330,365,334,366,276,182,444,124,168,116,139,55,199,115,113,142,52,77,103,149,,34,131,54,,38,82,104,57,110,47,51,,,,,75,180,,40,45,,35,39,55,,,,,,,,,,,,,,,,,,,,,,,,,,,
8926659754073266,,201765839840980,Hometalk,"9 incredible ways to turn Michael's crates into stunning home decor!",200,"01/07/2023 10:01",,,Lifetime,743318,151,4375,5031,277256,9755753.16,14.62,735,4327,79,280,3970,35510,5126,58099,6052,69842,5082,56701,3066,26707,24110,251466,39442,40473,775734,39832,63580,76257,62172,29936,5111,366,106715,6925,12920,25657,8262,22140,6511,2256,7326,2348,7803,2647,2146,1272,10597,2774,3067,725,2013,574,3772,2900,1159,1690,437,681,674,670,,,1264,,,,535,960,1139,2419,443,937,,,,,888,4171,,747,1694,562,540,686,,,738,,,,,,,,,461,,,,,,,,,,629,,,,,,
3499924916961312,,201765839840980,Hometalk,"20 Christmas cleanup tricks professional organizers swear by!",186,"01/08/2023 10:01",,,Lifetime,235597,65,384,431,120664,4430005.76,20.58,258,1286,20,78,2487,27450,2087,28877,1881,24731,1557,18971,930,9209,9220,110602,21732,21732,271092,30200,31167,26778,20681,10175,1563,99,59541,5427,6071,4056,2369,5730,2303,1742,2548,1612,2095,2372,1057,963,1658,1131,767,722,810,316,1005,731,592,494,334,446,508,581,,185,735,300,,1160,339,514,407,798,234,364,,,,,251,1357,,323,,198,,250,215,,199,,,,,,,,,,,,,,,,,,,,,,,,,
684043620106875,,201765839840980,Hometalk,"9 ways to fake designer planters for a fraction of the cost.",192,"01/10/2023 10:01",,,Lifetime,88645,5,115,378,26084,939122.04,12.36,60,251,9,31,670,6599,496,6182,453,5122,381,3713,225,1696,2294,23594,4048,4048,93802,7326,6722,5615,4130,1932,316,41,13891,1248,1341,799,461,1088,434,315,456,325,467,323,241,193,363,154,156,112,165,61,201,151,83,144,69,87,116,193,,38,129,52,,,95,90,70,130,53,69,,,,,74,231,,48,69,42,,45,60,,39,,,,,,,,,,,,,,,,,,,,,,,,,
678969443726821,,201765839840980,Hometalk,"18 brilliant home hacks you'll wish you'd seen sooner!",188,"01/12/2023 10:01",,,Lifetime,115749,9,160,446,42693,1800108.53,18.45,79,450,14,41,1152,11998,759,10118,628,7824,551,5644,341,2762,3524,38837,8707,8785,119942,13260,10962,8511,6240,3122,540,56,24323,1909,2384,978,589,1172,664,494,530,594,631,638,391,327,685,215,260,190,212,101,367,194,164,214,115,140,163,283,,65,205,95,,,123,158,111,230,67,93,,,,,110,280,,82,94,,57,,103,,,,64,,,,,,,,,,,,,,,,52,,,,,,,
592632246023161,,201765839840980,Hometalk,"6 gorgeous ways to give your plain candles a totally new look!",199,"01/13/2023 10:01",,,Lifetime,126751,8,104,434,41982,1273982.97,12.07,90,489,12,35,939,9426,689,9845,598,8769,550,6658,366,3217,3244,38439,5432,5432,126751,10444,10608,9430,7263,3602,586,49,19633,2138,2023,1562,912,2644,830,636,915,446,841,618,388,371,705,447,248,230,292,103,426,330,177,175,102,141,156,207,,76,193,102,66,,120,168,171,311,74,151,,,,,87,451,,118,,79,77,89,,,71,,,,,,,,,,,,,,,,,,,,,,,,,
713866183440844,,201765839840980,Hometalk,"Brilliant ways to fake high end storage on a Dollar Store budget!",202,"01/14/2023 10:01",,,Lifetime,5268785,1206,37645,59151,2508475,111525631.02,23.3,12281,94008,1338,4339,30524,273232,34931,401586,41638,497237,51215,577127,46658,427035,218585,2274564,520709,522653,5403603,306205,439176,541741,631714,476351,107512,5752,1384388,43615,114075,73995,35489,146042,27944,17634,33145,18186,61978,14770,16891,9476,44911,24456,14819,,11710,4486,23123,14736,6407,29003,14007,4448,4920,17322,8558,4506,8404,,6680,,,5782,5808,16778,,6122,,,,,19890,20926,,6213,15682,6654,,5918,,5388,5167,,5388,,,,,,,,,,,,7305,,,,,,,,,,,
3319929631554868,,201765839840980,Hometalk,"Turn Dollar Store mini crates into a brilliant kitchen organizer!",188,"01/15/2023 10:01",,,Lifetime,623991,44,2393,4043,215223,9697040.02,19.41,508,4060,76,233,2985,31285,2899,44045,2951,51314,2645,45364,1736,23552,13800,199853,48850,49348,648570,34573,47304,54648,48309,25438,4637,311,111298,5108,10928,9284,4593,18247,3586,1837,3413,1867,4169,1462,1243,1073,4528,2514,1570,451,1399,323,2184,1573,555,904,553,403,501,912,365,355,636,,381,,332,523,641,1309,,649,,,,,530,2049,,419,711,440,319,544,,,513,,,,,,,,,,,,,,,,,,,,,,,,,
910268940408665,,201765839840980,Hometalk,"Why everyone's buying magic erasers this month",182,"01/16/2023 10:01",,,Lifetime,146814,56,213,699,54767,2121693.34,17.94,106,445,12,24,1449,14762,1050,13640,853,10730,598,7177,371,3168,4439,49946,10358,10442,153211,16348,14788,11648,7825,3562,558,38,28862,2828,2994,2299,1231,1612,1098,718,1091,592,551,1235,430,487,877,244,418,301,245,92,360,400,605,159,100,170,215,143,,94,219,111,,74,130,152,191,211,103,81,,,,61,62,796,,130,,,83,91,61,,,,,,,,,,,,,,,,,,,,,,,,,,,
856644975548663,,201765839840980,Hometalk,"Brilliant ways to fake high end decor for less!",192,"01/17/2023 10:01",,,Lifetime,591326,26,1968,6264,255973,10587359.86,21.36,1206,4808,208,463,3466,31371,3685,49696,4495,62036,4751,56801,3342,27966,21153,233141,54605,54728,596146,35140,53713,66910,61929,31495,6109,674,67598,7312,9017,10057,5152,39376,5565,4566,6055,2158,13238,2736,2469,1274,9476,5263,1991,836,1243,989,6195,2370,1174,2031,1772,,732,3693,1460,626,1617,676,972,,,1085,898,3351,,1575,,,,,820,2920,,1074,1398,949,,911,,961,1061,,,,,,,,,,,,,740,,,,,,,,,,,,
413729940928368,,201765839840980,Hometalk,"Rub coffee on your furniture for this genius hack!",191,"01/18/2023 15:01",,,Lifetime,191487,49,198,562,71656,2561418.15,13.73,140,567,15,38,2156,21728,1447,17776,1167,12636,973,8248,515,3657,6413,64650,13404,13486,214605,24096,19374,13920,9295,4197,719,54,43540,3325,4354,1495,803,2131,1015,681,732,1146,738,663,544,486,753,342,356,414,296,124,462,293,201,346,161,187,180,527,,90,256,120,,,257,201,157,286,145,122,,,,,162,416,,91,134,76,,83,105,,,,,,77,,,,,,,,,,,,,,,,,,,,,
3329124764009147,,201765839840980,Hometalk,"The stunning way to use your evergreen wreath after Christmas!",182,"01/19/2023 10:01",,,Lifetime,132463,29,80,602,36785,1200619.04,9.79,104,357,14,30,1023,10979,660,8975,565,6689,499,4325,338,1919,3203,33274,4157,4205,139244,12118,9713,7306,4863,2273,467,45,19139,1788,1860,1020,648,1527,625,607,1045,321,473,613,200,248,640,329,179,206,210,84,289,233,166,165,88,118,108,255,,,210,106,57,,79,175,123,225,81,121,57,,,,60,428,,80,55,,,58,69,,63,,,,,,,,,,,,,,,,,,,,,,,,,
1133837903947308,,201765839840980,Hometalk,"Stick foam to a mini crate for this wild decor idea!",183,"01/20/2023 10:01",,,Lifetime,2413224,337,10274,35889,941025,38249122.78,18.47,3742,45283,481,2170,6562,70348,8709,135256,12024,217281,13543,236037,11549,173167,56610,879542,193993,193993,2432363,77510,144686,230418,250844,185490,49401,2667,308032,18981,26164,38658,17611,163837,17681,7929,21969,6570,40018,7028,4931,4341,29571,21808,7375,,6774,1957,15662,6788,3264,5086,5316,,,7966,3730,2057,4577,,2532,,,2751,2782,11804,,6270,,,,,3969,9734,,2770,4956,5883,,5181,,3007,6850,,,,,2368,,,,,,,,,,,,,,,,2040,2396,2809,,
1241733403045741,,201765839840980,Hometalk,"Buy a cheap Walmart table to copy this genius kitchen organizing idea!",191,"01/21/2023 10:01",,,Lifetime,2388003,203,3074,10225,1217902,55796004.73,25.43,5191,50329,189,819,12243,121241,14709,173580,21166,233037,29675,284779,25588,236147,108761,1099932,442035,449869,2663138,134769,189883,256160,316887,263139,56033,1020,889904,32218,66679,24159,14907,44802,11066,5146,9411,11712,5301,5326,4568,4484,5948,3179,3307,3224,5312,785,3276,3078,1576,4103,1493,1597,1960,3367,,931,2320,1023,,780,1998,1400,1914,2820,975,,,,,,1578,4372,,976,877,,923,1156,,,1023,,,,780,,,,,,,,,,,,,,,,,,,,,
1257511344833218,,201765839840980,Hometalk,"People are flipping out over this genius breadbox hack!",215,"01/22/2023 10:01",,,Lifetime,669434,43,1510,4122,271487,12002106.72,22.53,960,5015,111,310,4678,44315,5235,59506,5375,61583,4892,48742,3140,25516,24391,244987,55076,57191,685434,49479,65227,67428,54027,28842,6056,427,115569,11427,13376,15203,6854,17865,6786,4107,5571,3607,5994,2963,2586,1909,8667,2818,2696,1224,1099,692,4130,2188,1106,1089,738,788,814,1132,663,555,1272,584,496,,673,1021,1076,2510,513,739,,,,,553,3194,,802,606,,,594,,,506,,,,,,,,,,,,,,,,,,,,,,,,,
715539533586389,,201765839840980,Hometalk,"The stunning way people are using cupcake liners! (NOT for baking)",202,"01/23/2023 10:01",,,Lifetime,1100729,145,840,3499,458049,29854090.88,36.75,690,3131,76,209,10601,143518,6063,129230,3865,84068,2494,49139,1536,18145,25325,427440,165648,177119,1166758,156024,136793,88885,52246,19896,3908,287,241208,46115,35721,13379,8502,8435,4827,4104,5290,18379,2181,2255,6767,5579,6020,1090,3579,3237,1213,416,1551,1528,895,1046,907,1668,1636,2553,,928,894,436,,505,3073,667,1372,762,625,,,,,,726,4773,,523,443,,793,,,,,,,,393,,,411,394,,,,,,,,,,,,,,,,,
899639671235660,,201765839840980,Hometalk,"Make your front door stunning in just 5 minutes!",210,"01/24/2023 10:01",,,Lifetime,4367006,1453,28919,57242,2125020,95298089.77,23.67,9140,31010,2351,4130,34671,470861,32128,593232,31700,496665,25457,249116,19143,115594,154590,1960608,551136,558115,4683086,508515,627993,530419,275803,135306,40445,6524,506567,46290,62124,49249,32879,179348,30534,40560,96371,13433,145375,25108,15681,10613,89163,29801,12405,,,18888,22007,24553,15331,47780,19408,,,64586,12192,8076,21959,,7605,,,11653,8536,16441,,11208,,,,,12692,44546,,19165,43213,9712,,,8615,,8836,,10380,,,,,,,,9826,,,7698,11916,13042,15684,,,,,,,,,
717960023301423,,201765839840980,Hometalk,"He rescued a Habitat shutter for this genius entryway organizing idea!",256,"01/25/2023 10:01",,,Lifetime,119422,19,79,460,27587,1639091.32,17.55,60,231,8,22,849,8121,545,7064,469,5007,382,3116,210,1287,2523,24848,6930,6930,120227,9048,7674,5506,3526,1508,293,32,16901,1040,1744,668,373,799,373,306,384,372,303,295,221,174,279,131,111,112,122,37,201,101,95,141,59,42,67,164,,39,95,46,,,88,83,68,93,,46,,,,,49,188,,40,42,37,34,35,49,,,,35,,,,,,,,,,,,,,,,,,,,,,,
709132323987465,,201765839840980,Hometalk,"Wrap your old books in paper for this genius idea!",199,"01/26/2023 10:01",,,Lifetime,445030,62,884,2511,152508,8014990.1,21.95,299,1508,66,128,2946,33875,2221,39681,1860,35910,1286,22056,828,8414,9506,141572,41282,41282,452305,37249,42264,38105,23525,9324,1843,196,54458,7950,9656,8341,8257,9036,4615,2726,2886,2561,2856,1738,1344,1158,5539,1268,1448,768,574,443,1893,1417,629,645,478,433,491,2043,,374,774,423,,,511,640,702,897,397,418,,,,,327,2107,,334,461,279,454,336,,,294,,,,,,,,,,,,,,,,,,,,,,,,,
1931326177211518,,201765839840980,Hometalk,"Glue baskets to a Dollar Store broomstick - this is GENIUS!",186,"01/27/2023 10:01",,,Lifetime,2683296,315,8770,16553,1264273,57783255.33,26.65,4103,25489,507,1397,20334,193705,21642,268892,22964,294481,20701,237594,14510,128718,104761,1150276,304273,304273,2942628,215962,292724,319544,260002,144110,29980,1929,727249,32948,78814,42312,19782,68600,18155,10071,17316,14819,21656,8126,8015,6052,21131,9763,7712,3469,7841,1894,9423,6245,3046,6123,3818,2285,2630,6930,2099,2072,3742,,1849,,2365,2722,2976,6665,,2232,,,,,3649,9350,,2309,3580,2003,,2196,1684,,1665,,,,,,,,,,,,,,,,,,,,,,,,,
476261681389094,,201765839840980,Hometalk,"Glue 2 Dollar Store candlesticks for this brilliant bathroom hack!",188,"01/28/2023 10:01",,,Lifetime,8812823,2624,41305,80808,3421577,196664900.11,25,13977,178475,1062,7579,38727,437074,41101,563395,47160,687906,52610,693690,50660,585275,245297,3153394,992096,1007003,9588053,479472,608647,739672,751104,639530,194354,8773,2709179,50965,127618,24654,19439,116617,13161,11141,15240,21248,23469,7044,13748,7972,8991,13618,4574,5395,15963,,9910,5354,3016,14123,8256,2613,3940,12253,,,5099,,3011,,4449,2932,2770,8978,,3542,,,,,4309,6478,,2430,3076,3642,,3206,,5132,2996,,,,6730,,,,,,,2559,2431,,,,,,,,,,,,,
1190199308269911,,201765839840980,Hometalk,"Put 20 Dollar Store craft sticks on your couch (this is brilliant!)",193,"01/29/2023 10:01",,,Lifetime,274117,18,365,947,123221,4663228.39,18.6,333,1703,38,118,2341,25041,2003,27708,2173,25537,2063,20677,1407,11226,10358,112010,19945,21058,285242,27607,29906,27915,22888,12692,2052,160,65437,4864,5925,3548,1923,5724,2423,1639,2281,1260,1966,1849,1021,795,1584,1184,710,541,799,252,1365,684,440,593,629,360,345,1435,,183,612,264,205,,341,427,363,802,235,287,,,,,295,1066,,275,162,216,,224,307,,,,,,,,,,,,,,,,,,,,,,,,,,,
6003728229680024,,201765839840980,Hometalk,"Stick a dryer sheet in your couch for this brilliant hack!",239,"01/30/2023 10:01",,,Lifetime,181650,65,359,857,69417,2941761.05,19.51,162,690,27,56,1746,18683,1217,16877,1000,13150,844,9519,466,4439,5462,63414,13038,13038,181650,20602,18212,14273,10441,4946,855,86,37648,3673,3952,2611,1181,2023,1302,1029,1278,809,732,1078,648,562,922,324,375,397,313,146,508,441,303,255,254,257,252,342,,154,324,152,,87,184,240,219,283,137,91,,,,,116,713,,141,91,,92,115,121,,,,,,,,,,,,,,,,,,,,,,,,,,,
1772345276467262,,201765839840980,Hometalk,"Buy a wood round at Home Depot for this GENIUS idea!",202,"01/31/2023 10:01",,,Lifetime,920449,113,1787,4833,322151,13913842.2,22.74,1352,4826,156,253,10918,69297,9514,72795,7691,60009,6938,45792,4920,24417,41489,277389,53820,55433,973517,81145,83130,68350,53251,29574,6280,414,207521,8130,23315,8164,4167,12259,3193,2288,3384,4317,2934,2243,1683,1522,3673,1522,1367,737,1323,419,1710,1132,675,1001,614,531,686,2822,,336,830,362,332,,805,615,661,1203,350,381,,,,,441,1960,,397,565,,365,366,,,337,,,,,,,,,,,,,,,,,,,,,,,,,
1476280789446558,,201765839840980,Hometalk,"The easiest way to fix your damaged concrete for spring!",173,"02/01/2023 10:02",,,Lifetime,114565,13,95,330,36140,1393558.07,12.24,92,313,7,30,1374,9652,1006,8354,835,6462,687,4577,383,2097,4384,31485,6809,6809,125318,11123,9415,7355,5311,2491,407,38,20120,1587,1731,1258,577,1049,600,448,614,461,437,515,385,258,473,165,209,183,193,72,352,158,135,158,131,95,99,301,48,54,189,89,,52,139,197,97,173,68,52,,,,,111,300,,52,61,51,,,86,,,,,,,,,,,,,,,,,,,,,,,,,,,
704546014737063,,201765839840980,Hometalk,"Sprinkle glass glitter over a globe for this breathtaking porch idea!",211,"02/02/2023 10:02",,,Lifetime,4716799,1984,31531,41647,2369785,110272971.59,23.94,4139,18854,444,1343,51434,522313,54027,710491,43037,547308,26686,255743,15521,100245,195288,2156297,536571,536571,5123680,578986,770412,594178,284586,116523,23290,1800,1389466,85031,247253,65084,39503,63149,19826,14901,42012,37722,25305,16241,21680,11597,23032,10518,16604,9813,8051,2789,13523,8593,7361,7977,4372,6703,9543,7780,,2106,6671,2724,,2703,8360,4358,6061,8935,2334,2253,,,,,2813,23800,,6977,3461,2876,2392,3031,,,,,,,,,,,,,,,,,,,,,,,,,,,,
3435968423395850,,201765839840980,Hometalk,"Triple your storage by doing this (BRILLIANT!)",195,"02/03/2023 10:02",,,Lifetime,3951962,935,15895,29669,1621111,72025475.25,20.96,5035,27857,538,1551,34132,316890,30235,377576,28343,350255,23976,256924,17638,137374,139897,1468427,350725,354427,4177049,354328,410921,381335,283007,156056,33313,2126,811209,87889,110397,74733,25791,69082,34608,18936,20131,23095,18626,9356,12966,10581,39531,10028,14966,11517,13064,,9421,11466,4222,12076,3401,3587,3910,7073,3478,4131,5234,,2833,,4424,3586,4280,7294,,3715,,,,,6242,13565,,3330,6550,2576,,2654,,,,,,2944,2345,,,,2405,,,,,,,,,,,,,,,,,
1142458019778003,,201765839840980,Hometalk,"11 spectacular ways to save thousands on wedding decor!",199,"02/04/2023 10:02",,,Lifetime,36787453,24377,181946,497954,21971904,852332579.79,23.44,154057,1663000,17002,98975,102648,935212,164203,2029472,283928,3714701,450819,5776762,491261,5991572,1663918,20209694,3543565,3614873,40137101,1045131,2204305,4017674,6257644,6503548,1826763,116752,4018042,767077,495815,1008137,361893,1678605,240126,183554,886682,359547,1516333,240133,217725,140192,578795,389963,213532,104477,,90488,383686,210565,96487,903361,130858,,121361,254104,155875,,279907,,143624,,122534,,,243059,,139772,,,,,382967,237881,,99644,573315,158597,,100321,,,95157,,247185,,,,,,,,90864,,,95620,,103797,101782,244489,,,,,,,,
688205639667796,,201765839840980,Hometalk,"Put Dollar Store travel bottles in your kitchen (BRILLIANT!)",194,"02/05/2023 10:02",,,Lifetime,517177,41,1219,4220,266342,14205790.96,31.15,697,3179,139,285,3063,43250,3071,64224,3258,69413,2687,49112,1723,20467,14638,249930,88451,89012,564914,46743,67715,73080,52135,22307,3929,427,122022,9426,13650,7639,5845,13614,4478,4882,5144,4796,6310,3476,2819,1912,5672,2879,1640,669,2096,990,2323,1441,1470,1961,1828,758,813,4036,733,684,1679,693,796,,683,1095,724,1545,,615,,,,,1056,2605,,,537,,517,527,1060,,508,,,,,,,,,,,,,,,,,,,,,,,,,
737976254412601,,201765839840980,Hometalk,"The jaw-dropping crate hack that's blowing up on Pinterest!",238,"02/06/2023 10:02",,,Lifetime,4096080,611,4879,16507,1692912,135380187.27,37.04,3069,12419,318,812,48848,382177,46467,469395,35660,376407,20769,199971,10262,67915,165393,1509096,683610,683610,4437408,436023,521362,416346,223225,78955,15817,1149,905234,130593,123720,112418,36140,30740,42376,11047,13564,39202,10452,5093,11393,14517,45603,5215,13680,10394,2952,1559,11403,7904,2437,3772,1819,4244,6669,4114,,3161,2794,1418,,1892,7520,1986,4378,5372,1981,,,,,,1615,9154,,1335,1613,,3789,1473,1259,,,,,,,,,,,,,,,,,,,,,1232,,,,,,
692900562581424,,201765839840980,Hometalk,"Grab a pink Dollar Store bowl (love this!)",192,"02/07/2023 10:02",,,Lifetime,163937,40,370,1150,52539,2567629.97,19.38,118,685,23,62,969,13220,677,12472,628,10636,506,7776,354,4046,3275,48897,13767,13767,163937,14310,13234,11340,8331,4427,810,85,31365,1455,2807,974,590,1921,613,525,645,546,605,685,433,239,626,419,227,142,326,142,334,219,236,424,247,102,135,428,,,242,138,,,109,202,137,236,,147,,,,,174,338,,96,108,97,,85,119,,,,108,,,86,,,,,,,,,,84,,,,,,,,,,
742947843744398,,201765839840980,Hometalk,"Transform your kitchen in one day!",192,"02/08/2023 10:02",,,Lifetime,87624,18,63,379,27168,1307242.38,16.87,89,367,11,36,601,5662,492,6432,469,5714,399,4354,246,2115,2307,24680,6889,6889,93070,6312,6967,6219,4788,2370,462,47,10229,876,1519,1557,773,1169,944,595,785,341,654,458,412,199,530,171,186,180,220,115,311,281,153,171,132,88,99,196,53,83,148,103,71,,78,167,122,213,68,79,,,,,84,497,,103,70,,,,119,,,,,,60,,,,,,,,,,,,,,,,,,,,,
749087600062486,,201765839840980,Hometalk,"20 stunning ways to brighten up your home for spring on a budget!",182,"02/10/2023 10:02",,,Lifetime,1489010,130,5272,16549,702091,28777273.89,21.71,2782,18239,489,1393,7159,78573,8098,129539,9981,173455,9709,161190,7509,89460,45727,651849,154935,155606,1574012,86447,138536,184493,171936,97514,21259,1902,208948,21435,23911,27786,15799,84485,12677,9764,21498,6965,39273,6571,7405,4104,20637,15619,5746,2095,4748,2350,13537,6410,3178,5450,4841,1712,2025,8693,4495,1919,3920,1778,2666,,,2679,2742,7999,,3813,,,,,3579,9640,,2866,4253,3128,,2868,,2014,3067,,,,,,,,,,,,,,,,,,,,,,,,,
5361544523946835,,201765839840980,Hometalk,"Grab a pot holder - this is GENIUS!",195,"02/12/2023 10:02",,,Lifetime,7507512,5619,51582,67877,3580412,185941733.24,25.52,4966,46036,612,2885,70476,1068825,45117,944178,31771,674998,22449,407475,15580,216743,190971,3361140,937913,988606,8841641,1149240,997116,711631,433154,233959,51690,3575,2685224,63206,310158,40976,19560,58555,19875,14462,14349,50519,16359,12502,24086,7716,15368,7943,7015,7251,13319,2448,9282,8075,4366,10869,5618,3111,4154,10364,,2610,4815,2015,2940,,8140,3520,2821,6109,,2108,,,,,4331,11067,,2634,3875,2148,,2637,2427,,,,,,2841,,,,,,,,,,,,,,,,,,,,,
493136939654828,,201765839840980,Hometalk,"Hide your ugly eyesores in plain sight (GENIUS!)",195,"02/13/2023 10:02",,,Lifetime,216049,27,179,610,85294,3514238.14,19.02,297,1033,32,86,2294,18447,1980,20243,1861,17576,1592,12410,952,5811,9008,75606,17562,17974,224427,20947,22391,19573,14105,6806,1349,119,38810,4418,6788,3604,1745,3918,1891,1273,1694,1063,1663,1075,896,609,1153,797,450,428,534,197,872,639,332,397,349,221,259,576,,156,382,216,,,256,300,299,522,161,202,,,,,228,880,,225,169,153,139,154,320,,,,,,,,,,,,,,,,,,,,,,,,,,,
1836683706687252,,201765839840980,Hometalk,"Triple your closet storage (for $20) by doing THIS!",201,"02/15/2023 10:02",,,Lifetime,555231,86,1817,4637,287764,15910381.88,30.42,385,2384,51,130,4236,68299,3547,78152,3152,64312,2491,40674,1365,16550,15227,270501,73847,77980,615279,73155,82246,67867,43480,18019,2810,185,204982,9427,15827,3954,2599,5066,3401,1698,1627,3857,1574,2191,1724,1237,1828,1149,876,979,1249,337,1384,790,579,1229,978,531,544,1446,,,675,350,,250,692,381,392,761,250,303,,,,,549,1068,,,254,238,238,243,495,,,,,,248,,,,,,,,,,,,,,,,,,,,,
923857288612013,,201765839840980,Hometalk,"Grab a glass Dollar Store bowl - this is stunning!",197,"02/16/2023 10:02",,,Lifetime,4420099,711,21249,45382,2273795,122878591.85,28.32,7623,51813,1126,3448,23059,289973,27168,463687,32597,588491,29539,470227,22478,248420,143590,2116059,672336,672336,4954534,315512,493864,624512,502664,272437,60146,4623,1139985,52700,86935,62408,34153,215173,33202,17935,35444,21562,73043,12220,14286,9873,31822,44643,10962,4884,14924,4798,30514,11083,6322,12815,10923,4098,5268,19481,7178,4407,7258,,6145,,,4687,4961,21723,,9371,,,,,5852,17397,,4966,8132,9633,,7318,,8372,6224,,,,,,,,,,,,,,,,,,,,,5232,,,,
765903387822469,,201765839840980,Hometalk,"We can't believe what she did with a paper plate for spring!",192,"02/17/2023 10:02",,,Lifetime,252494,52,214,921,118758,5308815.13,23.11,265,1608,26,98,1914,26050,1586,28152,1530,25334,1381,19115,869,9984,7571,110341,29252,30277,268456,28193,29943,27065,20629,10910,1891,126,63087,5294,5561,3545,2336,3860,2349,1491,2132,1427,1756,1740,1120,866,1538,1004,660,626,713,305,1111,644,498,615,760,363,352,1223,,181,575,316,,,303,391,355,605,224,205,,,,,360,1248,,296,191,181,,213,400,,,,,,171,,,,,,,,,,,,,,,,,,,,,
1270267113832773,,201765839840980,Hometalk,"Everyone will be buying Dollar Store clipboards when they see this",191,"02/19/2023 10:02",,,Lifetime,3709578,1018,23154,31164,1669101,74163617.91,21.53,5038,43406,572,2372,23277,242134,24229,339070,25763,384527,23681,326039,17523,199289,120083,1536837,391846,391846,4067340,267965,365981,412950,352016,218121,49029,2989,870974,45869,139822,73924,28310,82159,23529,12094,30827,27509,27478,18346,15983,8445,22186,13900,13054,4717,8557,2255,16818,8698,6113,7909,4615,4476,3487,8956,2146,2396,5182,,2496,,4532,3441,3925,8902,,3285,,,,,4857,17344,,3488,4584,2658,2026,3533,,,2836,,,,,,,,,,,,,,,,,,,,,,,,,
976267943758034,,201765839840980,Hometalk,"3 brilliant ways to upcycle your Valentine's Day leftovers!",181,"02/20/2023 10:02",,,Lifetime,323457,18,233,1284,131268,5862022.56,20.82,424,2039,75,179,1931,22377,1798,30540,1699,31738,1389,24378,952,10737,8268,121988,31965,31965,329699,24535,32567,33684,25956,11774,2497,255,36147,9105,5751,7093,4502,6508,3614,3026,8766,1731,2931,2057,1320,1478,3704,1035,1395,857,683,580,1536,1520,957,762,700,631,490,1401,558,535,951,429,415,,362,779,708,754,480,353,,,,,425,3582,,899,398,,362,,458,,,,,,,,,,,,,,,,,,,,,,,,,,,
687275293081346,,201765839840980,Hometalk,"Genius rug hacks everyone will be copying!",195,"02/21/2023 10:02",,,Lifetime,142735,34,65,390,55714,2162326.78,16.47,173,724,37,55,1102,13018,826,13385,725,11591,664,8462,426,4089,3953,51324,9220,9379,151945,14267,14320,12394,9197,4535,905,93,25981,3145,2682,2661,1297,1906,1387,853,1112,693,1210,701,619,463,925,354,397,322,292,187,475,538,232,314,268,155,199,399,109,116,280,145,117,,148,208,203,305,131,,,,,,152,616,,125,204,92,99,,204,,,,,,,,,,,,,,,,,,,,,,,,,,,
1580400985706898,,201765839840980,Hometalk,"Cut up a $5 rug (GENIUS!)",195,"02/22/2023 10:02",,,Lifetime,127957,21,113,729,51124,2789134.55,25.4,111,473,13,37,1006,14274,724,13684,608,9608,451,6413,294,3016,3207,47505,14535,14543,130737,15419,14516,10293,6924,3330,590,50,30772,2001,2669,1179,675,1284,835,473,636,645,648,452,473,340,620,327,221,206,292,149,340,242,148,328,227,98,114,340,96,,214,93,79,,142,150,103,211,98,82,,,,,164,289,,,108,84,,,171,,,,81,,63,,,,,,,,,,,,,,,,,,,,,
748168966848810,,201765839840980,Hometalk,"Double your kitchen storage by doing THIS!",199,"02/24/2023 10:02",,,Lifetime,3542595,1113,21789,36210,1422867,64819918.75,20.29,4624,41387,738,2300,15112,170028,17836,268055,21046,335708,20025,305213,15586,195778,94967,1318469,273868,281570,3721089,186769,287762,358747,327214,212653,46633,3067,731108,39789,76706,60797,24838,91512,21914,10342,17457,13893,30583,8320,12576,7155,32055,16898,10492,3434,8377,2288,13131,9714,3913,11124,5197,2313,2697,10544,4236,2938,4407,,3410,,2858,2990,3482,9553,,4552,,,,,5649,13165,,2299,5354,3704,,3509,,,3307,,,,,,,,,,,,,,2282,,,,,,,,,,,
584951506524267,,201765839840980,Hometalk,"Grab a Dollar Store cooling rack - this is GENIUS!",188,"02/26/2023 10:02",,,Lifetime,1785692,456,12749,14538,786294,37920041.03,21.84,1869,12169,264,791,14493,176731,12343,196273,10609,169565,8271,111933,6082,59169,53931,726631,166402,166402,2027304,192848,210040,181258,121050,65750,14268,1071,496524,18410,52407,16413,8841,35970,7929,4864,6113,9202,10759,3726,6766,2728,7249,6605,2935,1726,4244,1102,5590,3019,1497,4747,2415,1378,1438,4198,996,1292,2295,,1471,,1535,1215,1290,3931,,1443,,,,,2186,5001,,1194,2492,1497,,1409,,877,1217,,,,,,,,,,,,,,,,,,,,,,,,,
1227485854526394,,201765839840980,Hometalk,"Buy a cheap Walmart bin to copy this brilliant idea!",217,"02/27/2023 10:02",,,Lifetime,3339158,339,2981,13294,1722578,137676696.05,42.41,3804,17373,426,1053,51451,401289,43366,426615,36248,354205,25852,231284,13699,98251,174846,1530070,752094,763980,3654214,457624,474731,394316,259824,112938,21607,1510,1059344,67893,112985,56816,26787,61890,25421,10037,14684,37323,14242,5040,11991,12109,19008,8395,8513,6764,9625,1967,6073,6073,2457,9209,3948,4293,4200,7200,,4377,3027,,1857,,6205,1824,3313,5987,,1886,,,,,4585,10449,,1780,4879,,2308,2162,1703,,,,,2332,,,,,2076,,,,,,,,,,,,,,,,,
563462539178812,,201765839840980,Hometalk,"Put a Dollar Store towel bar in your car (BRILLIANT!)",276,"02/28/2023 10:02",,,Lifetime,2220454,280,7302,10788,1057373,61638085.39,30.68,3132,25471,227,890,15981,174107,16077,222772,17166,230511,16387,191904,12708,121990,81678,967645,309057,322523,2403323,191777,240637,249515,209818,135492,28980,1130,728348,32807,65429,22491,13001,26789,12014,6632,7429,13339,5700,4834,6835,4431,8127,4154,4642,3526,6466,1051,3719,3508,1821,4191,2654,1445,1740,4355,,1233,2115,976,928,,2258,1520,1606,2950,,865,,,,,2429,4797,,1012,1490,,1000,1165,1105,,,,,,992,,,,,,,,,,,,,,,,,,,,,
736420081165617,,201765839840980,Hometalk,"Triple your entryway storage with these brilliant tricks!",227,"03/01/2023 10:03",,,Lifetime,5253045,256,1718,10291,2703632,191456501.31,39.67,6797,23153,1045,1829,87692,786573,54162,734400,35890,525891,20837,281202,13443,97974,219866,2451022,1085786,1097545,5397589,885179,797083,568751,306440,112657,30564,2928,892390,178997,217893,186803,104156,65819,125102,73835,59088,62283,22307,19305,15745,37045,115041,12981,34263,23521,,7148,13598,24905,9378,9439,6057,15597,16506,22693,7519,21153,10719,5876,5510,,10347,9183,12895,10059,6416,,,,,,5559,41503,,9564,8964,,11002,,9107,,,,,13324,,,,,6071,,,,,,,,,,,,,,,,,
1178833086103060,,201765839840980,Hometalk,"11 affordable home improvement ideas (that only LOOK high-end!)",195,"03/03/2023 15:03",,,Lifetime,3489266,321,9811,28490,1797430,92590265.8,27.78,14683,20614,1319,1611,62239,165135,113561,258462,176834,308873,183887,264688,87889,123871,640412,1143254,467290,478674,3680158,229555,374861,489353,451927,212976,35781,2964,712098,79744,82485,104319,70151,91048,36631,19096,39583,20845,41066,18725,14515,15656,40541,13901,21241,8133,4667,6127,27311,15738,7941,16270,5012,7715,7397,9751,9174,4647,11941,,,,4478,8207,7500,19856,,5941,,,,,7022,22261,,7062,13236,5349,4594,,4377,,,,4292,,,,,,,,,,,,6220,,,,,,,,,,,
1256750048250085,,201765839840980,Hometalk,"$5 trick to upgrade your builder grade blinds!",230,"03/05/2023 10:03",,,Lifetime,737627,47,1086,3769,350894,16691449.61,24.13,903,3747,146,303,6425,71192,6044,90824,5663,83184,4175,52030,2547,20991,25903,322271,83087,85898,782017,78286,97567,89507,56620,23719,4734,456,161832,11804,17561,15342,7051,21685,8037,4495,8108,4005,8311,3155,3271,2574,7284,3716,2719,1440,2908,985,4130,2562,1466,2174,1318,776,1059,2278,1077,881,1494,796,785,,852,1214,1012,3053,,726,,,,,1088,4396,,1242,1122,718,,814,662,,,,,,,,,,,,,,,,,,,,,,,,,,,
188208283909637,,201765839840980,Hometalk,"Is this the most BRILLIANT Dollar Store hack of the year?!",180,"03/06/2023 15:03",,,Lifetime,105034,47,80,614,46891,2873852.68,29.71,87,538,7,36,892,11281,695,11347,656,9204,657,7074,403,3656,3397,43136,19486,19486,109177,12273,12118,9945,7801,4075,635,43,27502,1749,2407,967,537,1443,722,502,521,659,600,366,460,301,590,394,248,215,289,104,347,216,158,354,262,81,140,520,86,101,176,90,86,,145,113,89,221,66,86,,,,,177,239,,,129,90,,,128,,,,78,,,,,,,,,,,,,,,,,,,,,,,
1247265666195393,,201765839840980,Hometalk,"5 budget ways to fake a farmhouse look for less!",211,"03/07/2023 10:03",,,Lifetime,625821,66,1368,5947,245097,12035701.82,21.15,589,3270,106,265,3220,40862,3093,59380,3016,63826,2352,43142,1477,18617,13853,229362,54606,54856,651172,44491,62920,67301,45843,20245,3918,376,114184,8359,12585,12112,4974,15364,4999,3132,4422,2755,4979,1987,2582,1456,5680,2436,2309,1089,1299,575,2552,2322,929,1175,978,540,759,1493,1066,583,1150,522,543,,626,784,734,2132,516,581,,,,,547,2897,,718,648,613,,557,,,,,,,,,,,,,,,,,,,,,,,,,,,,
243670854670309,,201765839840980,Hometalk,"Slide a paper towel roll onto a hanger for this brilliant home hack!",203,"03/08/2023 15:03",,,Lifetime,2589932,416,8768,17065,1002216,65137312.08,29.97,2891,10392,611,1056,33038,340708,18274,261907,12189,174007,7843,86095,5909,39363,80755,913528,364144,364144,2769317,376962,282122,187547,94747,45659,13484,1683,392920,57539,57733,40186,14611,48117,23113,15961,10265,22739,23619,4410,18041,10900,23073,11342,10291,7569,5557,,7752,7990,2343,17293,4348,3560,3868,17818,2729,6221,2896,,2532,,3889,2447,2905,5832,,3475,,,,,9242,10357,2324,2606,8036,2472,,2408,,,,,,4815,,,,,5094,,,,,,,,,,,,,,,,,
1225072284767165,,201765839840980,Hometalk,"Stick a command strip on your front door for this brilliant idea!",203,"03/10/2023 15:03",,,Lifetime,1309673,254,3634,12159,550977,28344567.63,23.4,1354,8213,224,573,8562,118237,7086,143887,6222,125433,5080,78953,3852,39069,32380,514365,127695,130378,1395135,127950,152089,132597,84628,43214,9690,803,275843,26962,30871,20155,12636,20999,8784,6139,10235,9306,9655,5178,5684,3760,8135,3987,4125,3101,2582,1165,4721,4154,2296,3399,2341,1400,1718,4513,1503,1315,2515,1076,996,,1753,1628,1875,2864,980,906,,,,,1786,7592,,1703,1596,1122,,1225,,,,,,,,,,,,,,,,,,,,,,,,,,,,
233351305704768,,201765839840980,Hometalk,"The lighting idea that's trending like crazy on Pinterest!",189,"03/12/2023 10:03",,,Lifetime,2256520,375,11402,24261,1277653,55402904.47,24.45,6779,53132,806,3317,9414,102578,13092,174795,20658,269179,27143,318932,23705,246338,101597,1168271,271689,271689,2532091,112925,188991,291500,348045,271461,60559,4160,499135,39086,44703,52976,27300,89356,22218,14547,25718,14346,66448,11694,40492,8301,23316,19607,11018,4109,6640,3067,27183,8334,4932,9337,8463,3365,4010,15020,5608,3396,6669,3206,4887,,,5025,3915,13951,,4591,,,,,4264,12362,,3891,4953,4250,,3455,2961,3999,,,,,,,,,,,,,,,,,,,,,,,,,,
1872433299790505,,201765839840980,Hometalk,"Genius home hacks from the guy who gets millions of views on his hack videos",302,"03/13/2023 15:03",,,Lifetime,927731,165,2071,5071,514380,30433044.9,32.9,2585,5349,241,391,38752,118990,29334,101839,23094,73316,20233,53668,12019,28790,126258,382343,140067,141147,1065266,159751,132631,97481,74661,41138,8072,639,278385,22361,107669,9732,5002,7184,5825,3235,3105,7296,2640,2949,6911,2949,3238,1635,2082,2364,1312,514,2200,1498,788,1975,1166,1094,1073,2334,,676,1112,539,,446,1348,831,754,1263,490,499,,,,,832,1964,,431,664,460,407,,581,,,,,,,,,,,,,,,,,,,,,,,,,,,
1848434025518671,,201765839840980,Hometalk,"10 budget ideas to get you excited for summer!",196,"03/14/2023 10:03",,,Lifetime,141871,17,179,643,39441,1971243.6,15.91,81,414,15,31,873,10015,637,9519,557,8004,496,5742,295,2503,2954,36228,10123,10146,141871,10979,10223,8607,6279,2807,498,46,20358,1669,1928,1286,681,1154,746,588,660,487,510,685,493,283,524,276,275,187,174,90,395,236,159,311,223,114,119,578,91,89,197,108,94,,113,142,117,214,77,89,,,,,136,341,,103,120,78,,,106,,,,,,,,,,,,,,,,,,,,,,,,,,,
115174611513214,,201765839840980,Hometalk,"Brilliant ideas to save you HUNDREDS on a kitchen makeover!",210,"03/15/2023 15:03",,,Lifetime,2207596,739,819,17197,1216488,97291549.21,42.18,3141,16700,274,869,30405,329068,27776,310509,19278,216477,15107,143105,11157,79979,107138,1096707,532812,533253,2504868,363473,341763,238249,159883,91834,20104,1154,760277,76761,114445,13854,12421,10542,9264,14961,6000,42259,3661,3928,16115,6939,8463,1594,3725,9272,2535,1190,2723,3348,1396,6231,3577,4107,4736,5921,,2531,2990,1416,1143,2178,7229,1494,1756,1560,1650,,,,,,1364,3442,,,,,1374,,1173,,,1153,,,1574,,,1225,,,,,,,,,,,,,,,,,,
526209969644090,,201765839840980,Hometalk,"Stuff burlap into your washing machine for this amazing Easter idea!",222,"03/17/2023 14:03",,,Lifetime,49487,1,14,68,20660,919960.72,21.31,66,245,8,27,562,5237,422,5590,296,4155,208,2489,141,1048,1703,18791,6181,6181,49509,5856,6049,4487,2716,1203,314,35,8600,1305,1766,1060,605,643,509,323,650,344,212,248,171,264,595,113,236,127,83,44,110,190,82,42,54,87,75,57,43,56,76,52,,,65,69,70,103,48,,37,,,,39,351,,81,,,40,38,33,,,37,,,,,,,,,,,,,,,,,,,,,,,,
132524149762378,,201765839840980,Hometalk,"Stuff burlap into your washing machine for this amazing Easter idea!",222,"03/17/2023 14:03",,,Lifetime,294417,91,156,679,150101,6509827.38,23.29,277,1844,46,107,2637,35592,2068,35775,1877,29520,1732,23658,1112,12740,9749,139236,44077,44193,308912,38549,38122,31625,25569,13918,2142,156,82668,6554,7438,3580,2296,4217,2954,1848,1903,2411,1702,1761,1936,1171,1547,1205,807,798,747,367,1358,727,502,886,1165,453,480,2137,,288,723,336,,254,511,519,330,863,273,261,,,,,509,982,,271,295,279,,,434,,,,247,,,,,,,,,,,,,,,,,,,,,,,
180076824812222,,201765839840980,Hometalk,"Tape up 4 Dollar Store mats (BRILLIANT!)",200,"03/19/2023 09:03",,,Lifetime,2085421,247,6315,15828,936693,53843354.87,29.1,3301,23553,365,1428,12055,135249,12857,186877,15209,222424,15006,184439,11350,105450,70143,859420,281736,281736,2191961,148758,201193,239254,200878,117535,27243,1814,555647,24916,89576,21954,13794,34802,10355,6101,9792,9708,15251,4003,8319,4611,9147,7527,4153,2852,6395,,5526,3324,2205,3812,2641,1604,2174,5018,1238,1876,2507,,1551,,1916,1761,1792,4942,,2645,,,,,2028,5715,,1413,1518,1383,,1456,1256,1655,,,,,1375,,,,,,,,,,,,,,,,,,,,,
5584926344946509,,201765839840980,Hometalk,"Tape up 4 Dollar Store mats (BRILLIANT!)",200,"03/19/2023 09:03",,,Lifetime,1737722,259,5008,9870,782151,42391405.04,28.04,6319,36519,491,2922,13138,114130,13481,137712,16160,150966,18721,138295,18549,108594,86859,689138,216826,216826,1789487,128247,152226,168247,158115,128279,43538,3489,607145,11570,37096,9683,7497,18990,5072,3614,4986,4814,5540,2534,3892,2050,4097,2747,1645,929,2207,761,2625,1635,1524,1611,1187,809,1020,2259,,885,1279,624,1245,,631,986,917,1982,,639,,,,,683,3111,,594,691,577,,554,809,684,,,,,,,,,,,,,,,,,,,,,,,,,,
5919435531437448,,201765839840980,Hometalk,"The BRILLIANT flooring makeover DIYers are obsessed with.",196,"03/20/2023 15:03",,,Lifetime,131263,11,67,461,40360,1591288.15,11.9,86,350,11,21,1165,10962,844,9919,713,7614,566,5243,294,2217,3679,36326,8059,8059,139490,12234,10853,8397,5864,2536,442,32,23545,1801,2549,974,508,1100,590,406,478,589,464,359,579,277,381,221,242,246,191,78,269,214,131,269,91,111,115,278,,66,141,76,59,,151,113,90,180,63,52,,,,,100,263,,,102,70,59,,64,,,,51,,,,,,,,,,,,,,,,,,,,,,,
506349288374066,,201765839840980,Hometalk,"Save your leftover plastic bottles for these outdoor hacks!",182,"03/21/2023 10:03",,,Lifetime,136225,20,134,448,43540,1599922.06,12.87,116,536,14,36,972,10839,717,10162,707,8688,620,6346,379,3064,3525,39671,6430,6507,142116,11910,10958,9472,7018,3468,663,50,22603,2111,2121,1126,748,1389,759,503,682,566,653,580,781,359,535,364,295,226,274,107,425,231,152,302,216,149,136,489,83,112,249,90,91,,144,175,126,269,96,110,,,,,130,333,,86,106,103,,,121,,,,,,,,,,,,,,,,,,,,,,,,,,,
3080786738887905,,201765839840980,Hometalk,"Best kept Dollar Store designer secrets for your next shopping trip!",187,"03/22/2023 15:03",,,Lifetime,5004496,579,3751,22415,2459092,165208159.92,34.55,8919,80403,952,5884,35109,523806,26959,483617,27951,484050,27653,427750,24295,283710,151838,2289220,989789,994900,5189591,562905,514309,515780,458994,309875,90261,6935,2020375,37894,106544,13850,12550,28529,8557,7188,12684,21443,7710,3115,7822,6000,5048,4199,3015,4046,6483,1301,2857,3510,1840,5559,19519,2112,3171,18516,,2581,2597,1266,1977,,3205,1698,1955,2461,,,,,,,2138,4528,,1719,1342,,,,1444,1418,,,,,2533,,3173,,,,4147,,,,,,,,,,,,,,,
5511649548940580,,201765839840980,Hometalk,"Cut up your old jeans for this amazing storage idea!",214,"03/24/2023 15:03",,,Lifetime,136100,36,97,392,55380,2166804.18,17.22,112,513,19,39,1097,13799,843,13605,750,11247,613,8144,421,3721,3855,51068,8664,9109,142144,15032,14561,12090,8829,4170,640,58,31059,2594,2880,1249,764,1306,1008,625,729,786,577,623,785,417,675,410,348,303,276,134,469,303,172,383,238,139,141,617,78,128,254,144,98,,183,202,124,305,94,101,,,,,205,346,,,120,86,82,,118,,,,,,,,,,,,,,,,,,,,,,,,,,,
592582259185453,,201765839840980,Hometalk,"Dip paper towel in water for this BRILLIANT decor idea!",201,"03/26/2023 15:03",,,Lifetime,3102369,451,4171,15788,1744889,90678643.75,30.62,14355,65258,1602,5832,40921,307555,36043,319289,38100,302448,44100,295918,39572,217048,214693,1513348,609103,609103,3267995,351791,358460,343625,343201,259145,81100,7555,947327,63341,59335,25635,45685,28414,17361,12058,142002,24898,12965,9606,98700,65219,8804,5918,5564,9432,3556,2347,8861,4336,3384,6899,5383,4406,4395,10089,,2393,4110,1864,2158,2040,14628,3245,3143,4968,1773,,,,,,2414,11073,,2595,2425,,1800,,2002,,,,,,,,,2362,,,,,,,,,,,,,,,,,,
159044670385220,,201765839840980,Hometalk,"People are flipping out over this GENIUS cooler hack!",268,"03/27/2023 15:03",,,Lifetime,3174214,642,3926,9605,1366272,97674875.28,36.97,7901,6221,617,473,145221,161012,198397,178243,207225,137766,141054,82306,52059,34327,752474,600348,440929,450768,3375283,309202,380251,348464,225709,87114,14404,1106,1011607,22506,85199,7730,4399,9895,4480,2723,2330,32900,2346,2138,115047,2976,2052,1196,1787,3078,2214,471,1830,1315,623,2769,814,1227,1949,1616,,872,796,527,,577,6577,688,635,1365,,,,,,,807,1733,,,623,,,522,483,,,,,,1576,,,489,,,,,,,,,,,,,,,,,473,2901
594456342575847,,201765839840980,Hometalk,"The $10 wreath idea everyone will be copying this summer!",203,"03/28/2023 14:03",,,Lifetime,17431,3,29,159,5633,282721.34,19.07,11,54,2,5,91,1583,71,1452,79,1088,53,683,49,371,356,5236,1978,1978,17431,1686,1535,1178,740,421,66,7,3544,256,277,88,66,156,99,58,73,74,51,44,36,29,57,31,13,39,31,15,36,22,17,28,13,,16,34,9,,18,11,13,6,11,18,13,24,10,10,,,,,9,25,,,,,,10,18,,,,8,,9,,,,,,6,,,,,,,,,,,,,,,
241804788298965,,201765839840980,Hometalk,"The $10 wreath idea everyone will be copying this summer!",203,"03/28/2023 15:03",,,Lifetime,109602,11,44,220,33396,1379354.74,13.48,93,440,11,28,699,7618,615,7091,548,6477,593,5611,366,2930,2925,30195,9282,9328,116307,8407,7764,7090,6248,3309,538,39,17677,1369,1595,833,465,1044,453,362,603,487,495,366,480,243,548,228,223,153,175,93,270,204,108,382,136,92,102,355,73,78,178,111,96,,102,129,98,224,,80,,,,,104,209,,,150,79,,,88,,,,65,,,,,,,,,,,67,,,,,,,,,,,,
589825949834174,,201765839840980,Hometalk,"The $10 wreath idea everyone will be copying this summer!",203,"03/28/2023 15:03",,,Lifetime,62087,5,18,116,20691,806121.05,14.58,52,250,6,18,380,3886,341,4254,357,4503,340,3984,210,1963,1686,18858,5429,5558,64175,4314,4620,4892,4351,2183,305,25,9841,897,1014,596,288,936,353,275,379,351,321,276,337,137,373,149,150,89,125,57,187,152,60,235,94,55,73,213,61,48,143,66,84,,82,95,54,145,46,60,,,,,55,134,,,100,51,,,55,,,,,,,,,,,,,,,52,,,,,,,,,,,,
772905420639986,,201765839840980,Hometalk,"Turn a 99 cent frame into THIS!",194,"03/29/2023 15:03",,,Lifetime,7788771,5886,25523,71921,3873100,271993345.15,36.29,7285,32066,1005,2964,163915,1391790,96702,1003406,58395,567473,39271,301401,24353,142023,390926,3441123,1560916,1594850,8493656,1572725,1111213,632227,344360,168260,40218,4053,2384740,227771,381460,71578,30673,31125,35382,21559,17497,163750,13924,11393,39200,69890,23367,5927,14384,69750,4864,2687,14146,10048,4179,8310,4147,10165,17544,9814,,6035,4601,2557,,3759,42825,4309,5107,7725,3037,,,,,,2490,13660,,3490,2457,,2962,2255,2688,,,,,,,,,2850,,,,,,,,,,,,,,,,,,
151279517870395,,201765839840980,Hometalk,"Stop everything and buy these at the Dollar Store immediately.",183,"03/31/2023 15:03",,,Lifetime,2428393,304,6967,16586,1138350,48841761.44,21.83,6800,36652,933,3106,13396,132493,15882,193954,21528,255731,25060,246834,21577,157333,105176,1026103,214766,219557,2484597,147002,211079,278897,273417,179921,43946,4079,664683,23956,38199,32589,20361,59032,12899,7140,36290,8881,30100,6319,6331,5121,11494,13070,5509,2752,7631,1952,9466,6010,3839,5105,3496,1767,2053,9235,,1949,4612,1762,2396,,1903,3063,2424,8478,,2243,,,,,2356,10331,,2956,2474,2594,,2767,,3221,2002,,,,,,,,,,,,,,,,,,,,,,,,,
650602533412837,,201765839840980,Hometalk,,19,"01/01/2023 08:01",,,Lifetime,121910,0,1,63,31666,601312.54,5.82,,,,,,,,,,,,,,,,,,,,,,,,,,,,,,,,,,,,,,,,,,,,,,,,,,,,,,,,,,,,,,,,,,,,,,,,,,,,,,,,,,,,,,,,,,,,,,,,,,,,,,,,,,
839514030439324,,201765839840980,Hometalk,,24,"01/03/2023 08:01",,,Lifetime,616267,58,562,2407,232755,5145843.06,10.6,,,,,,,,,,,,,,,,,,,,,,,,,,,,,,,,,,,,,,,,,,,,,,,,,,,,,,,,,,,,,,,,,,,,,,,,,,,,,,,,,,,,,,,,,,,,,,,,,,,,,,,,,,
893280861875784,,201765839840980,Hometalk,,21,"01/12/2023 08:01",,,Lifetime,71356,2,20,158,24808,416715.95,6.56,,,,,,,,,,,,,,,,,,,,,,,,,,,,,,,,,,,,,,,,,,,,,,,,,,,,,,,,,,,,,,,,,,,,,,,,,,,,,,,,,,,,,,,,,,,,,,,,,,,,,,,,,,
696100515288281,,201765839840980,Hometalk,,19,"01/15/2023 08:01",,,Lifetime,214106,12,175,779,94444,1866532.01,9.46,,,,,,,,,,,,,,,,,,,,,,,,,,,,,,,,,,,,,,,,,,,,,,,,,,,,,,,,,,,,,,,,,,,,,,,,,,,,,,,,,,,,,,,,,,,,,,,,,,,,,,,,,,
687195373062862,,201765839840980,Hometalk,,14,"01/17/2023 08:01",,,Lifetime,104019,22,72,289,41735,747560.48,7.72,,,,,,,,,,,,,,,,,,,,,,,,,,,,,,,,,,,,,,,,,,,,,,,,,,,,,,,,,,,,,,,,,,,,,,,,,,,,,,,,,,,,,,,,,,,,,,,,,,,,,,,,,,
559339992777912,,201765839840980,Hometalk,,12,"01/19/2023 08:01",,,Lifetime,127963,10,65,266,59605,907394.63,7.72,,,,,,,,,,,,,,,,,,,,,,,,,,,,,,,,,,,,,,,,,,,,,,,,,,,,,,,,,,,,,,,,,,,,,,,,,,,,,,,,,,,,,,,,,,,,,,,,,,,,,,,,,,
736356667624007,,201765839840980,Hometalk,,18,"01/21/2023 08:01",,,Lifetime,2304993,1342,9389,33713,975953,22338314.26,10.88,,,,,,,,,,,,,,,,,,,,,,,,,,,,,,,,,,,,,,,,,,,,,,,,,,,,,,,,,,,,,,,,,,,,,,,,,,,,,,,,,,,,,,,,,,,,,,,,,,,,,,,,,,
5541472695962105,,201765839840980,Hometalk,,13,"01/23/2023 08:01",,,Lifetime,66310,2,5,60,15816,270169.61,4.63,,,,,,,,,,,,,,,,,,,,,,,,,,,,,,,,,,,,,,,,,,,,,,,,,,,,,,,,,,,,,,,,,,,,,,,,,,,,,,,,,,,,,,,,,,,,,,,,,,,,,,,,,,
558971366282467,,201765839840980,Hometalk,,26,"01/25/2023 08:01",,,Lifetime,67207,7,3,47,14481,292975.45,5.15,,,,,,,,,,,,,,,,,,,,,,,,,,,,,,,,,,,,,,,,,,,,,,,,,,,,,,,,,,,,,,,,,,,,,,,,,,,,,,,,,,,,,,,,,,,,,,,,,,,,,,,,,,
903919720637680,,201765839840980,Hometalk,,29,"01/27/2023 08:01",,,Lifetime,132235,16,51,497,53278,1362548.31,11.25,,,,,,,,,,,,,,,,,,,,,,,,,,,,,,,,,,,,,,,,,,,,,,,,,,,,,,,,,,,,,,,,,,,,,,,,,,,,,,,,,,,,,,,,,,,,,,,,,,,,,,,,,,
1386103425496017,,201765839840980,Hometalk,,15,"02/02/2023 08:02",,,Lifetime,1444881,332,2250,12205,583060,12185383.17,9.92,,,,,,,,,,,,,,,,,,,,,,,,,,,,,,,,,,,,,,,,,,,,,,,,,,,,,,,,,,,,,,,,,,,,,,,,,,,,,,,,,,,,,,,,,,,,,,,,,,,,,,,,,,
1245213793042480,,201765839840980,Hometalk,,19,"02/04/2023 08:02",,,Lifetime,943981,180,1968,6864,432041,9206849.53,11.38,,,,,,,,,,,,,,,,,,,,,,,,,,,,,,,,,,,,,,,,,,,,,,,,,,,,,,,,,,,,,,,,,,,,,,,,,,,,,,,,,,,,,,,,,,,,,,,,,,,,,,,,,,
1130199737669778,,201765839840980,Hometalk,,14,"02/06/2023 08:02",,,Lifetime,87864,5,32,247,22291,359820.04,4.65,,,,,,,,,,,,,,,,,,,,,,,,,,,,,,,,,,,,,,,,,,,,,,,,,,,,,,,,,,,,,,,,,,,,,,,,,,,,,,,,,,,,,,,,,,,,,,,,,,,,,,,,,,
1890972194593691,,201765839840980,Hometalk,,11,"02/08/2023 08:02",,,Lifetime,82308,26,336,496,32145,574118.51,7.31,,,,,,,,,,,,,,,,,,,,,,,,,,,,,,,,,,,,,,,,,,,,,,,,,,,,,,,,,,,,,,,,,,,,,,,,,,,,,,,,,,,,,,,,,,,,,,,,,,,,,,,,,,
943379287045035,,201765839840980,Hometalk,,26,"02/10/2023 08:02",,,Lifetime,104155,3,74,517,37367,814415.4,8.53,,,,,,,,,,,,,,,,,,,,,,,,,,,,,,,,,,,,,,,,,,,,,,,,,,,,,,,,,,,,,,,,,,,,,,,,,,,,,,,,,,,,,,,,,,,,,,,,,,,,,,,,,,
1264606264268576,,201765839840980,Hometalk,,18,"02/12/2023 08:02",,,Lifetime,89237,13,11,136,25009,471839.41,5.92,,,,,,,,,,,,,,,,,,,,,,,,,,,,,,,,,,,,,,,,,,,,,,,,,,,,,,,,,,,,,,,,,,,,,,,,,,,,,,,,,,,,,,,,,,,,,,,,,,,,,,,,,,
1295099421055830,,201765839840980,Hometalk,,14,"02/14/2023 08:02",,,Lifetime,97386,8,69,263,28060,466751.5,5.49,,,,,,,,,,,,,,,,,,,,,,,,,,,,,,,,,,,,,,,,,,,,,,,,,,,,,,,,,,,,,,,,,,,,,,,,,,,,,,,,,,,,,,,,,,,,,,,,,,,,,,,,,,
553370669876968,,201765839840980,Hometalk,,12,"02/16/2023 08:02",,,Lifetime,225148,22,470,1300,92118,1610801.11,7.61,,,,,,,,,,,,,,,,,,,,,,,,,,,,,,,,,,,,,,,,,,,,,,,,,,,,,,,,,,,,,,,,,,,,,,,,,,,,,,,,,,,,,,,,,,,,,,,,,,,,,,,,,,
1350253179163186,,201765839840980,Hometalk,,29,"02/18/2023 08:02",,,Lifetime,259524,59,789,2390,102940,2834768.92,11.65,,,,,,,,,,,,,,,,,,,,,,,,,,,,,,,,,,,,,,,,,,,,,,,,,,,,,,,,,,,,,,,,,,,,,,,,,,,,,,,,,,,,,,,,,,,,,,,,,,,,,,,,,,
867977774300971,,201765839840980,Hometalk,,22,"02/20/2023 08:02",,,Lifetime,74381,2,3,76,12603,270924.94,4.19,,,,,,,,,,,,,,,,,,,,,,,,,,,,,,,,,,,,,,,,,,,,,,,,,,,,,,,,,,,,,,,,,,,,,,,,,,,,,,,,,,,,,,,,,,,,,,,,,,,,,,,,,,
736120651219348,,201765839840980,Hometalk,,22,"02/20/2023 08:02",,,Lifetime,109946,3,25,99,37209,743343.81,7.51,,,,,,,,,,,,,,,,,,,,,,,,,,,,,,,,,,,,,,,,,,,,,,,,,,,,,,,,,,,,,,,,,,,,,,,,,,,,,,,,,,,,,,,,,,,,,,,,,,,,,,,,,,
548194623945796,,201765839840980,Hometalk,,19,"02/22/2023 08:02",,,Lifetime,106952,5,40,287,38568,754147.01,7.65,,,,,,,,,,,,,,,,,,,,,,,,,,,,,,,,,,,,,,,,,,,,,,,,,,,,,,,,,,,,,,,,,,,,,,,,,,,,,,,,,,,,,,,,,,,,,,,,,,,,,,,,,,
1266894930533277,,201765839840980,Hometalk,,16,"02/25/2023 08:02",,,Lifetime,207902,16,127,612,98522,1723503.13,8.36,,,,,,,,,,,,,,,,,,,,,,,,,,,,,,,,,,,,,,,,,,,,,,,,,,,,,,,,,,,,,,,,,,,,,,,,,,,,,,,,,,,,,,,,,,,,,,,,,,,,,,,,,,
867911011101835,,201765839840980,Hometalk,,13,"03/01/2023 08:03",,,Lifetime,122505,1,26,182,50197,780630.72,6.89,,,,,,,,,,,,,,,,,,,,,,,,,,,,,,,,,,,,,,,,,,,,,,,,,,,,,,,,,,,,,,,,,,,,,,,,,,,,,,,,,,,,,,,,,,,,,,,,,,,,,,,,,,
1551902368633069,,201765839840980,Hometalk,,23,"03/03/2023 08:03",,,Lifetime,126390,3,62,240,47766,899392.26,7.32,,,,,,,,,,,,,,,,,,,,,,,,,,,,,,,,,,,,,,,,,,,,,,,,,,,,,,,,,,,,,,,,,,,,,,,,,,,,,,,,,,,,,,,,,,,,,,,,,,,,,,,,,,
686252429921764,,201765839840980,Hometalk,,15,"03/05/2023 08:03",,,Lifetime,241282,42,287,798,90189,1627969.94,7.12,,,,,,,,,,,,,,,,,,,,,,,,,,,,,,,,,,,,,,,,,,,,,,,,,,,,,,,,,,,,,,,,,,,,,,,,,,,,,,,,,,,,,,,,,,,,,,,,,,,,,,,,,,
1550428555453992,,201765839840980,Hometalk,,48,"03/06/2023 09:03",,,Lifetime,66968,4,7,42,19575,385984.78,6.72,,,,,,,,,,,,,,,,,,,,,,,,,,,,,,,,,,,,,,,,,,,,,,,,,,,,,,,,,,,,,,,,,,,,,,,,,,,,,,,,,,,,,,,,,,,,,,,,,,,,,,,,,,
1393826714719051,,201765839840980,Hometalk,,14,"03/07/2023 08:03",,,Lifetime,100226,3,18,174,31139,527943.8,5.87,,,,,,,,,,,,,,,,,,,,,,,,,,,,,,,,,,,,,,,,,,,,,,,,,,,,,,,,,,,,,,,,,,,,,,,,,,,,,,,,,,,,,,,,,,,,,,,,,,,,,,,,,,
720999369575443,,201765839840980,Hometalk,,17,"03/09/2023 08:03",,,Lifetime,66760,2,13,115,19967,320072.45,5.05,,,,,,,,,,,,,,,,,,,,,,,,,,,,,,,,,,,,,,,,,,,,,,,,,,,,,,,,,,,,,,,,,,,,,,,,,,,,,,,,,,,,,,,,,,,,,,,,,,,,,,,,,,
603851511172721,,201765839840980,Hometalk,,19,"03/11/2023 08:03",,,Lifetime,132324,2,23,195,43432,799608.47,6.47,,,,,,,,,,,,,,,,,,,,,,,,,,,,,,,,,,,,,,,,,,,,,,,,,,,,,,,,,,,,,,,,,,,,,,,,,,,,,,,,,,,,,,,,,,,,,,,,,,,,,,,,,,
759566812044514,,201765839840980,Hometalk,,16,"03/13/2023 08:03",,,Lifetime,154380,3,86,256,53882,869395.12,5.86,,,,,,,,,,,,,,,,,,,,,,,,,,,,,,,,,,,,,,,,,,,,,,,,,,,,,,,,,,,,,,,,,,,,,,,,,,,,,,,,,,,,,,,,,,,,,,,,,,,,,,,,,,
8943602959014887,,201765839840980,Hometalk,,17,"03/15/2023 08:03",,,Lifetime,119732,4,42,241,39622,700077.84,6.24,,,,,,,,,,,,,,,,,,,,,,,,,,,,,,,,,,,,,,,,,,,,,,,,,,,,,,,,,,,,,,,,,,,,,,,,,,,,,,,,,,,,,,,,,,,,,,,,,,,,,,,,,,
234601532301383,,201765839840980,Hometalk,,15,"03/17/2023 08:03",,,Lifetime,130794,36,136,677,47010,901307.3,7,,,,,,,,,,,,,,,,,,,,,,,,,,,,,,,,,,,,,,,,,,,,,,,,,,,,,,,,,,,,,,,,,,,,,,,,,,,,,,,,,,,,,,,,,,,,,,,,,,,,,,,,,,
1537507320065170,,201765839840980,Hometalk,,19,"03/19/2023 08:03",,,Lifetime,162521,5,64,243,54675,968707.31,6.32,,,,,,,,,,,,,,,,,,,,,,,,,,,,,,,,,,,,,,,,,,,,,,,,,,,,,,,,,,,,,,,,,,,,,,,,,,,,,,,,,,,,,,,,,,,,,,,,,,,,,,,,,,
3085449398267614,,201765839840980,Hometalk,,14,"03/22/2023 08:03",,,Lifetime,116355,9,26,118,35572,567822.93,5.15,,,,,,,,,,,,,,,,,,,,,,,,,,,,,,,,,,,,,,,,,,,,,,,,,,,,,,,,,,,,,,,,,,,,,,,,,,,,,,,,,,,,,,,,,,,,,,,,,,,,,,,,,,
610277213893433,,201765839840980,Hometalk,,34,"03/24/2023 08:03",,,Lifetime,121187,8,191,283,42035,1071521.34,9.05,,,,,,,,,,,,,,,,,,,,,,,,,,,,,,,,,,,,,,,,,,,,,,,,,,,,,,,,,,,,,,,,,,,,,,,,,,,,,,,,,,,,,,,,,,,,,,,,,,,,,,,,,,
223343363550344,,201765839840980,Hometalk,,15,"03/26/2023 08:03",,,Lifetime,91189,1,8,78,25401,475450.55,5.64,,,,,,,,,,,,,,,,,,,,,,,,,,,,,,,,,,,,,,,,,,,,,,,,,,,,,,,,,,,,,,,,,,,,,,,,,,,,,,,,,,,,,,,,,,,,,,,,,,,,,,,,,,
169032752624923,,201765839840980,Hometalk,,14,"03/28/2023 08:03",,,Lifetime,1833536,110,2312,12492,637280,13753130.3,9.71,,,,,,,,,,,,,,,,,,,,,,,,,,,,,,,,,,,,,,,,,,,,,,,,,,,,,,,,,,,,,,,,,,,,,,,,,,,,,,,,,,,,,,,,,,,,,,,,,,,,,,,,,,
1158563988145593,,326517011093207,"DIY with Hometalk","The genius reason she lays squares of paper on a rug",186,"01/04/2023 16:01",,,Lifetime,212232,13,46,299,75180,2770478.92,15.2,143,966,17,47,1600,17454,1208,17581,986,14583,780,12273,487,6416,5221,69320,16245,16245,216518,19232,18963,15687,13160,6945,1124,67,37265,6203,4617,2768,1450,2377,1449,1200,1324,2244,665,784,729,750,847,334,539,538,340,125,378,269,264,356,133,229,349,442,,120,362,163,,132,272,262,262,247,143,111,,,,,141,757,,212,,,134,,109,,,123,,,,,,116,,,
569198795219856,,326517011093207,"DIY with Hometalk","Secret Dollar Store tricks for a plastic free kitchen!",293,"01/05/2023 16:01",,,Lifetime,267190,46,220,1148,118600,6899790.79,30.35,205,1031,31,78,2638,35249,1652,30689,1252,22495,970,14358,635,6421,7383,110321,27855,27855,285220,38200,32567,23921,15447,7096,1254,110,76970,3551,8021,1571,1056,5127,1363,828,991,1481,1383,985,645,559,948,983,423,385,766,138,601,357,289,522,266,204,252,599,,119,425,180,,,288,234,170,558,137,262,,,,,219,448,,,167,142,,182,143,,176,,,,138,,,,,,
6011401732215867,,326517011093207,"DIY with Hometalk","11 gorgeous winter wreaths to try this season!",201,"01/09/2023 10:01",,,Lifetime,89709,13,90,361,29338,731724.74,9.24,60,251,5,21,698,8067,609,7223,479,5550,360,3862,246,1690,2457,26664,2207,2244,93625,8840,7894,6070,4246,1945,316,26,16304,1319,1476,711,433,910,511,366,472,269,414,560,224,234,496,175,175,134,157,100,209,131,137,113,73,83,96,294,47,42,194,79,,,74,115,72,150,45,61,,,,,68,239,,64,53,,,45,74,,,,42,,,,,,,,
601319598471258,,326517011093207,"DIY with Hometalk","18 brilliant ways to turn Dollar Store picture frames into home decor!",207,"01/11/2023 10:01",,,Lifetime,178191,19,365,875,61237,2634688.31,17.37,142,668,10,53,1262,14375,1054,14817,850,12731,708,9424,476,4261,4502,56329,13542,13731,186955,15783,15965,13659,10187,4758,819,65,29038,2885,3276,2519,1233,4279,1100,853,1291,627,1327,870,550,472,815,753,337,265,329,149,556,392,236,297,172,144,223,326,,91,295,128,,,151,245,225,396,100,209,,,,,127,682,,200,111,124,,154,,,124,,,,,,,,,93,
622992496262411,,326517011093207,"DIY with Hometalk","Home hacks using cornstarch you probably didn't know!",259,"01/17/2023 16:01",,,Lifetime,115398,25,110,359,39881,1613133.6,17.15,69,313,8,26,1162,13064,738,10139,500,6671,405,4401,236,1804,3118,36418,7472,7516,121500,14357,10961,7234,4849,2058,388,34,25899,1284,2977,744,406,1246,443,221,298,571,383,321,257,222,404,203,152,145,180,52,208,145,90,202,73,64,95,160,,,114,42,,,125,79,72,134,,69,,,,,57,180,,41,69,44,,68,44,,54,,,,38,,,,,40,
1327211358057681,,326517011093207,"DIY with Hometalk","Fake a high-end decor look with crumpled paper (This is wild!)",181,"01/20/2023 16:01",,,Lifetime,108554,7,44,243,34266,1356000.16,15.38,61,294,4,21,954,10000,653,8724,500,6224,360,4169,232,1771,2764,31203,6789,6816,111912,11061,9439,6778,4580,2020,363,25,20675,1256,2373,791,471,1225,477,306,355,565,360,295,244,201,393,219,168,125,167,40,242,183,86,157,50,75,101,176,,42,102,62,,,119,78,82,156,,79,,,,,85,210,,,45,45,44,48,51,,40,,,,43,,,,,,
402735675385411,,326517011093207,"DIY with Hometalk","Dirty old pallet gets a high end makeover! (This is incredible!)",268,"01/21/2023 16:01",,,Lifetime,126352,20,49,303,40343,2028789.99,20.24,74,313,13,27,1406,11373,1027,10071,820,7226,617,4652,356,1998,4313,35660,9079,9167,128678,12911,11198,8108,5322,2371,392,41,25290,1554,2548,902,457,1153,472,355,370,649,462,248,260,256,442,216,196,209,177,63,312,179,120,215,,84,106,195,,,135,60,,,125,90,71,192,49,62,,,,,117,221,,45,86,65,47,64,55,,,,49,,50,,,,,,
900839611055222,,326517011093207,"DIY with Hometalk","You're cleaning the wrong way - do THIS instead!",217,"01/27/2023 16:01",,,Lifetime,135524,18,92,370,45253,1620315.74,14.35,103,448,8,32,1248,12563,824,10949,705,8120,612,6053,344,2905,3844,41070,6511,6511,139862,13926,11862,8901,6703,3265,554,41,27300,1629,2920,840,539,1508,550,474,508,847,540,411,373,261,436,218,208,212,209,86,315,197,112,294,129,111,135,372,,68,173,72,59,,190,112,103,150,52,,,,,,152,266,,,135,57,,63,73,,,,54,,52,,,,,,
1133812990629550,,326517011093207,"DIY with Hometalk","The most elegant way to add curb appeal after Christmas!",235,"01/28/2023 16:01",,,Lifetime,142463,12,44,369,53391,1964321.17,16.23,120,541,13,53,1245,14155,889,13245,706,10433,661,7162,388,3360,4022,48949,10068,10068,147363,15547,14251,11212,7876,3770,666,69,30586,1993,3420,1268,727,2309,855,572,790,630,792,607,347,343,659,353,293,222,299,93,406,255,181,247,118,150,132,416,,,229,86,,,173,166,113,269,75,97,,,,,115,404,,87,108,84,69,85,87,,73,,,,,,,,,,
736075057759128,,326517011093207,"DIY with Hometalk","Buy a flashlight and napkin holder for this BRILLIANT porch hack!",188,"02/02/2023 16:02",,,Lifetime,672404,56,465,2032,289985,13969794.99,23.53,778,2905,103,239,7441,71229,5881,73917,4674,60303,3569,38431,2176,15903,24622,262927,73949,74116,750832,79374,80441,65524,42358,18219,3717,343,156646,10867,18050,10302,5784,14997,3803,2981,5118,4048,4410,1533,1783,2578,5570,2345,2371,1114,1912,519,1874,1285,742,1321,718,763,909,1478,420,670,934,434,,,740,734,884,1386,,520,,,,,811,2601,,715,801,,417,485,451,,410,,,,,,,,,,
584023943577842,,326517011093207,"DIY with Hometalk","Everyone's flipping out over her bedroom wall idea!",207,"02/09/2023 10:02",,,Lifetime,104192,5,100,472,25771,1535082.28,17.58,98,223,9,30,722,6355,623,6221,500,4847,449,3550,238,1700,2639,22926,8045,8045,110720,7139,6898,5383,4039,1948,322,40,14751,1061,1412,626,341,780,406,277,290,351,288,263,260,165,339,129,137,112,145,66,172,131,101,212,100,76,65,206,,47,142,46,40,,68,106,62,108,,55,,,,,92,169,,37,77,48,43,,89,,,,43,,,,,,,,
882366573016875,,326517011093207,"DIY with Hometalk","Make your front door look amazing in February",207,"02/10/2023 16:02",,,Lifetime,119289,21,69,479,29623,1109427.72,11.46,75,293,13,28,663,7623,440,7311,345,6112,277,4217,183,1815,1996,27399,5149,5183,119866,8351,7816,6504,4531,2006,374,41,16708,890,1553,581,319,1805,353,273,389,360,554,241,248,123,334,286,116,124,159,72,266,142,87,244,72,,62,201,,,122,61,,,72,83,64,247,,79,,,,,149,167,,,138,90,,82,54,50,73,,50,,51,55,,,,,
911043910329224,,326517011093207,"DIY with Hometalk","Stick a paper towel holder on your toilet (BRILLIANT!)",202,"02/11/2023 10:02",,,Lifetime,6524575,2839,42618,88265,3654243,226530652.63,34.69,7977,38827,1113,3140,56793,736979,58598,960765,54528,884205,41937,537410,25521,222263,246467,3383589,1336301,1394358,7895925,800031,1025714,944463,583200,249109,47417,4298,1888146,126443,187248,69335,59812,153680,65761,53962,59789,76698,63690,38177,44110,21649,57689,32851,16894,11596,36438,11219,31069,18495,16850,27047,20280,8813,9469,39227,7061,10360,23342,10555,10140,,11016,15273,7559,19523,,8725,,,,,10548,27102,,6573,,6426,,7495,20785,,,,,,6672,,,,,,
1277944396401853,,326517011093207,"DIY with Hometalk","Get high-end spring decor for a fraction of the price!",205,"02/14/2023 10:02",,,Lifetime,286933,46,684,2317,175395,6017187.35,18.3,369,2062,52,142,2353,33864,2364,40892,2657,38533,2670,31173,1655,15314,12120,161980,25260,25445,373110,36532,43539,41512,34098,17050,2464,195,87378,7345,8742,5305,3034,5112,4431,2856,2988,2276,2115,2972,1558,1100,2939,1698,1183,874,1028,503,1843,1076,1282,1128,1541,462,494,2523,,,1033,616,,,502,755,548,1065,455,381,,,,,496,1329,,409,353,306,290,304,678,,,,,,,,,,,,288
5862746193840803,,326517011093207,"DIY with Hometalk","19 cheap bin ideas to make your home prettier & more organized!",191,"02/18/2023 10:02",,,Lifetime,5642552,1211,30172,54403,2548817,133786817.56,24.9,8334,88436,1333,4312,21770,246381,25568,430215,31929,598494,32853,603776,26285,412935,148072,2384549,732000,732000,6093429,270337,458609,634250,640835,441465,97605,5700,1077973,86526,124062,153030,62974,173519,62151,20989,40490,30524,67418,15482,23991,15853,61984,30429,27151,9703,14492,,28628,21028,7133,25340,8898,6418,6646,22327,12922,8579,8774,,7653,,5722,5596,8896,21372,,8810,,,,,20650,26312,,5553,18412,7144,5075,6915,,,4984,,,5499,,,,,,,
578197827673911,,326517011093207,"DIY with Hometalk","Cut the cord of your lamp (GENIUS!)",204,"02/23/2023 10:02",,,Lifetime,297036,14,239,1115,158760,6811549.01,22.67,446,2105,53,155,3733,36898,3102,38154,2779,30729,2559,22798,1743,12265,14415,143104,28939,30733,340985,40982,41592,33753,25560,14078,2583,209,84259,7049,8825,4906,3039,4965,3002,2148,2699,2116,2252,1870,1457,1241,2121,1252,973,679,743,438,1403,944,599,890,974,540,547,1710,,263,744,361,250,290,478,531,429,805,290,278,,,,,408,1379,,337,300,,246,,509,,,,,,,,,,,,
5901485149898685,,326517011093207,"DIY with Hometalk","Put this behind your toilet (genius hack!)",190,"02/25/2023 10:02",,,Lifetime,9765496,2450,48883,127658,4899800,290415679.25,30.84,12560,50666,1576,3900,89318,549056,133318,1054144,170323,1332898,135390,940310,58402,326936,600887,4257910,1564712,1564712,10577461,645178,1197344,1515227,1084459,387786,64218,5548,1618705,290311,342142,275885,106483,181613,86249,99011,135960,152418,102584,119386,81895,36732,84013,25062,47682,53003,14606,12698,71111,42396,39715,87400,,23241,23544,18688,14958,15019,36027,12077,,10351,31326,24149,18217,34272,14118,12293,,,,,24219,106384,,22250,23018,10569,9518,,,,,11713,,,,,,,,,
169255172557772,,326517011093207,"DIY with Hometalk","The brilliant way people are using napkins on their couch!",191,"03/02/2023 10:03",,,Lifetime,458470,59,1107,2506,198534,7381983.99,17.53,488,2931,67,213,4564,46878,3662,50183,2919,39117,2365,26305,1777,14208,15842,179835,32463,33572,474892,52331,54628,42589,29042,16162,3496,285,48144,6150,81530,5707,2521,6008,3140,2670,2612,2273,2728,1426,2380,940,3135,1413,1173,600,615,449,2234,1275,700,540,671,412,406,1278,327,317,749,322,308,,495,577,435,1144,274,279,,,,,316,1738,,511,335,287,,,356,,,,,,,,,,,,
888608445725122,,326517011093207,"DIY with Hometalk","Pour concrete into a cookie lid - this is BRILLIANT!",228,"03/03/2023 10:03",,,Lifetime,3324784,2966,15495,35091,1783971,147948469.83,49.96,2703,11255,244,735,77129,720644,42427,468726,21682,223018,14488,116975,9725,59022,168398,1600375,649591,686538,3588436,804766,515417,246594,132650,69313,14204,1004,1415910,48463,109979,16261,8574,11702,8341,7394,6213,30236,5328,6556,10657,4435,5579,2318,2979,4742,2748,1097,3546,2689,1880,3181,2912,1899,2468,4442,,1088,2172,1167,757,999,5758,1609,1457,1945,980,,,,,,1238,4407,,998,941,,789,,1171,,,,,,979,,,,,,
749994876412692,,326517011093207,"DIY with Hometalk","Grab a $2 Walmart hula hoop for this brilliant outdoor decor idea!",198,"03/04/2023 10:03",,,Lifetime,163845,25,214,670,54334,2474365.45,17.3,139,608,16,40,1068,12504,886,14012,743,11031,698,8036,430,3711,3980,49942,12426,12426,163845,13687,15006,11858,8805,4166,755,57,30456,2227,2936,1806,1071,1856,931,708,904,685,667,733,488,361,601,339,321,209,303,117,342,259,209,290,197,124,164,363,,106,202,99,76,,184,171,158,274,90,78,,,,,127,543,,115,103,85,85,,88,,,,,,,,,,,,
721860792978799,,326517011093207,"DIY with Hometalk","Pull the lid of a trash can for this brilliant hack!",185,"03/09/2023 10:03",,,Lifetime,627294,56,1300,5170,249416,12874740.95,23.55,1129,4539,190,533,6517,51723,5614,58124,4989,52919,4150,35682,2962,18082,25551,221602,65224,65224,637250,58835,64265,58368,40187,21243,5779,736,105960,9805,27760,8151,4170,15364,3805,2986,3896,3392,7057,1200,5185,1531,4075,2829,1815,1163,1284,,2676,1565,802,1548,849,533,628,1756,930,819,683,,571,,740,691,647,1994,,958,,,,,652,2570,523,655,745,565,,587,,513,533,,,,,,,,,,
1252501222024061,,326517011093207,"DIY with Hometalk","Few people know about this BRILLIANT garden hose hack!",201,"03/11/2023 10:03",,,Lifetime,341306,29,387,1025,120668,7246886.44,29,316,709,30,56,11092,29087,8916,25971,5977,16970,3758,10544,1450,4545,31539,87882,38808,39536,366790,40621,35236,23174,14455,6046,1046,86,71836,9242,8053,2124,1456,1613,1199,1040,822,4302,713,964,2120,854,922,413,542,665,357,146,568,421,256,702,328,397,323,939,101,179,324,158,,180,541,231,214,281,135,,,,,,272,491,,,202,109,142,,197,,,,117,,,,,,,,
957392608758525,,326517011093207,"DIY with Hometalk","The BRILLIANT address sign idea neighbors can't stop talking about!",211,"03/11/2023 16:03",,,Lifetime,334263,60,147,937,153394,9609788.67,31.07,1141,2083,116,142,13173,32272,11202,29573,7749,20434,6297,14797,3982,8519,43660,107820,52284,52501,361420,46096,41266,28541,21319,12620,3290,260,82481,18094,11279,2217,2372,1714,1310,1075,1119,6165,658,1005,1762,2161,983,304,908,1079,294,,535,454,272,1301,332,1070,1110,942,,298,366,162,,437,1216,242,313,275,173,,,,,,475,492,,,253,,282,,182,,,178,219,,,,,347,179,,
761555015157342,,326517011093207,"DIY with Hometalk","The best kept SECRET to fake a marble look!",191,"03/16/2023 10:03",,,Lifetime,158507,19,129,679,54206,2028827.07,12.41,151,551,17,36,1445,14233,1084,13412,851,10527,741,7119,411,3165,4700,49043,8060,8334,187058,15839,14611,11458,7933,3598,713,53,28705,2496,2703,1607,865,1973,1104,701,788,771,661,603,849,444,746,385,380,282,261,151,525,311,212,355,221,146,147,505,91,114,272,152,108,,175,212,135,314,115,128,,,,,144,414,,100,112,100,,,127,,,,,,,,,,,,
749757113411839,,326517011093207,"DIY with Hometalk","Wrap Dollar Store baskets in twine for this brilliant living room idea!",222,"03/18/2023 10:03",,,Lifetime,854503,78,3283,7493,402846,17064749,20,1045,6584,174,534,4707,57682,5105,88952,5954,106169,5080,77993,3474,36543,25539,374457,75248,77809,954146,62923,94689,112836,83640,40301,7746,710,163327,11257,25956,24034,9127,24006,9225,5079,8279,4344,13981,3591,4122,2386,10633,5262,4530,1279,2201,925,5477,3613,1693,2190,1482,1005,1265,3122,1425,1221,1863,,933,,940,1557,1366,4783,,1145,,,,,1031,5126,,1221,1639,1050,836,910,,882,,,,,,,,,,,
905533217393852,,326517011093207,"DIY with Hometalk","How to make the world's CUTEST bunny butt wreath.",188,"03/23/2023 09:03",,,Lifetime,38906,12,94,273,16260,534398.03,16.09,43,218,8,12,290,3429,238,4174,214,4012,154,2260,132,958,1079,15063,1938,1960,39463,3747,4437,4254,2436,1100,266,20,8449,561,897,746,399,661,235,250,438,93,153,177,182,124,219,86,123,70,87,53,121,117,79,48,42,56,44,84,35,32,93,45,,,27,73,56,67,34,,,,,,23,217,79,60,37,30,29,26,,,,,,,,,,,,,
1300693803817536,,326517011093207,"DIY with Hometalk","How to make the world's CUTEST bunny butt wreath.",188,"03/23/2023 09:03",,,Lifetime,747530,324,1985,6104,385531,14252117.59,19.72,935,7754,96,478,5873,87848,4767,95750,4333,81300,3957,55175,2975,31666,22936,359971,51473,53001,792787,94386,101182,86184,59538,34874,8788,577,259238,11716,18743,8842,5285,8120,3960,3149,6119,3891,3392,3383,2639,1921,3147,1690,1627,1093,1287,638,1762,1570,1145,1568,1096,922,810,2042,,479,1241,578,432,386,746,974,753,1133,501,,,,,,527,3214,,765,546,357,414,,535,,,,,,,,,,,,
204027625585428,,326517011093207,"DIY with Hometalk","Everyone's copying this stunning wood round idea!",188,"03/25/2023 14:03",,,Lifetime,6073,0,6,18,2014,68491.04,12.77,1,16,0,2,76,515,42,484,35,373,26,285,18,131,198,1806,298,309,6234,595,529,408,313,149,18,2,1198,105,97,45,34,33,30,29,28,27,23,23,21,21,19,18,15,15,11,11,10,10,9,9,8,8,8,8,7,7,7,7,6,6,5,5,5,4,4,3,3,3,3,3,3,,,,,,,,,,,,,,,,,,,,
632728832013796,,326517011093207,"DIY with Hometalk","Buy a wood round at Hobby Lobby for this GENIUS idea!",188,"03/25/2023 14:03",,,Lifetime,189724,67,564,1520,83104,3644996.18,22.14,180,897,25,70,1757,17093,1451,19589,1387,18119,1233,13422,712,6573,6745,75763,19309,19309,197163,19004,21192,19644,14764,7316,1087,96,43817,3292,4387,2304,1335,2491,1405,1118,1254,1310,1116,1012,1243,620,1246,881,560,335,541,239,727,464,359,535,451,253,260,798,,215,507,253,164,,249,339,240,517,162,193,,,,,253,512,,140,205,156,,,229,137,,,,,,,,,,,
214751824476917,,326517011093207,"DIY with Hometalk","Slide 2 Dollar Store baskets on a paper towel holder (BRILLIANT!)",270,"03/25/2023 16:03",,,Lifetime,1286898,296,3509,13489,644040,49463190.75,39.82,938,5700,139,441,9156,181099,6818,169746,5681,134215,4437,82697,2863,35540,30032,609438,276645,285702,1569236,191728,177762,140800,87767,38641,6721,589,466741,16519,39004,5889,5235,10558,4166,3385,3659,10442,3810,2225,4858,2569,3332,2764,1435,1675,3961,680,1633,1558,1175,2978,2738,795,1116,5078,,970,1560,584,613,560,1765,957,723,1421,,577,,,,,1196,1574,,,,520,,,1038,508,,,,,1126,,864,,,,
185203490947877,,326517011093207,"DIY with Hometalk","Turn a glass upside down in your yard...",223,"03/30/2023 15:03",,,Lifetime,543414,64,672,2377,266557,11822990.06,23.88,831,5796,93,504,4983,55927,4041,59941,3750,52326,3788,43495,2983,25514,20469,243503,55227,55227,571323,61561,64599,56593,47713,28730,6750,605,143729,7767,42736,5386,3264,7361,3213,2008,3300,3414,3025,1989,2649,1484,2052,1425,1088,951,1009,406,1785,1120,675,1477,861,669,645,1551,,360,1007,467,379,,694,779,479,1245,375,356,,,,,499,1511,,437,443,361,,340,394,,,,,,,,,,,,
958098431836211,,326517011093207,"DIY with Hometalk",,42,"01/02/2023 08:01",,,Lifetime,347854,14,267,995,147390,4685030.59,15.94,,,,,,,,,,,,,,,,,,,,,,,,,,,,,,,,,,,,,,,,,,,,,,,,,,,,,,,,,,,,,,,,,,,,,,,,,,,,,,,,,,,,,,,,,,,
574369004511346,,326517011093207,"DIY with Hometalk",,18,"01/04/2023 08:01",,,Lifetime,156007,26,110,343,53149,1158007.63,8.13,,,,,,,,,,,,,,,,,,,,,,,,,,,,,,,,,,,,,,,,,,,,,,,,,,,,,,,,,,,,,,,,,,,,,,,,,,,,,,,,,,,,,,,,,,,
1098309570850120,,326517011093207,"DIY with Hometalk",,22,"01/06/2023 08:01",,,Lifetime,150829,14,110,274,48386,946888.24,7.07,,,,,,,,,,,,,,,,,,,,,,,,,,,,,,,,,,,,,,,,,,,,,,,,,,,,,,,,,,,,,,,,,,,,,,,,,,,,,,,,,,,,,,,,,,,
6046855405334875,,326517011093207,"DIY with Hometalk",,20,"01/07/2023 08:01",,,Lifetime,1035931,259,3065,8211,429371,10069387.32,11.8,,,,,,,,,,,,,,,,,,,,,,,,,,,,,,,,,,,,,,,,,,,,,,,,,,,,,,,,,,,,,,,,,,,,,,,,,,,,,,,,,,,,,,,,,,,
576048877195028,,326517011093207,"DIY with Hometalk",,25,"01/08/2023 08:01",,,Lifetime,202689,45,75,283,92608,2138816.81,11.33,,,,,,,,,,,,,,,,,,,,,,,,,,,,,,,,,,,,,,,,,,,,,,,,,,,,,,,,,,,,,,,,,,,,,,,,,,,,,,,,,,,,,,,,,,,
499097562331202,,326517011093207,"DIY with Hometalk",,16,"01/09/2023 08:01",,,Lifetime,507774,101,984,2494,243115,4814999.97,10.43,,,,,,,,,,,,,,,,,,,,,,,,,,,,,,,,,,,,,,,,,,,,,,,,,,,,,,,,,,,,,,,,,,,,,,,,,,,,,,,,,,,,,,,,,,,
1204911457088089,,326517011093207,"DIY with Hometalk",,11,"01/10/2023 08:01",,,Lifetime,85756,5,20,120,26872,358507.6,4.74,,,,,,,,,,,,,,,,,,,,,,,,,,,,,,,,,,,,,,,,,,,,,,,,,,,,,,,,,,,,,,,,,,,,,,,,,,,,,,,,,,,,,,,,,,,
847216649841399,,326517011093207,"DIY with Hometalk",,31,"01/11/2023 08:01",,,Lifetime,125591,19,105,372,41071,1121118.8,9.63,,,,,,,,,,,,,,,,,,,,,,,,,,,,,,,,,,,,,,,,,,,,,,,,,,,,,,,,,,,,,,,,,,,,,,,,,,,,,,,,,,,,,,,,,,,
915089586575334,,326517011093207,"DIY with Hometalk",,16,"01/13/2023 08:01",,,Lifetime,96892,2,41,166,31904,577230.31,6.62,,,,,,,,,,,,,,,,,,,,,,,,,,,,,,,,,,,,,,,,,,,,,,,,,,,,,,,,,,,,,,,,,,,,,,,,,,,,,,,,,,,,,,,,,,,
1130492484289921,,326517011093207,"DIY with Hometalk",,28,"01/14/2023 08:01",,,Lifetime,83373,1,39,161,19575,448203.72,6.14,,,,,,,,,,,,,,,,,,,,,,,,,,,,,,,,,,,,,,,,,,,,,,,,,,,,,,,,,,,,,,,,,,,,,,,,,,,,,,,,,,,,,,,,,,,
2311322382361098,,326517011093207,"DIY with Hometalk",,19,"01/16/2023 08:01",,,Lifetime,86777,5,31,216,20064,401447.99,5.23,,,,,,,,,,,,,,,,,,,,,,,,,,,,,,,,,,,,,,,,,,,,,,,,,,,,,,,,,,,,,,,,,,,,,,,,,,,,,,,,,,,,,,,,,,,
710176580689939,,326517011093207,"DIY with Hometalk",,24,"01/18/2023 08:01",,,Lifetime,112178,7,73,265,34453,747868.54,7.41,,,,,,,,,,,,,,,,,,,,,,,,,,,,,,,,,,,,,,,,,,,,,,,,,,,,,,,,,,,,,,,,,,,,,,,,,,,,,,,,,,,,,,,,,,,
698781831905756,,326517011093207,"DIY with Hometalk",,26,"01/20/2023 08:01",,,Lifetime,83593,22,92,499,31273,720438.37,9.32,,,,,,,,,,,,,,,,,,,,,,,,,,,,,,,,,,,,,,,,,,,,,,,,,,,,,,,,,,,,,,,,,,,,,,,,,,,,,,,,,,,,,,,,,,,
889352492403892,,326517011093207,"DIY with Hometalk",,15,"01/22/2023 08:01",,,Lifetime,334727,16,305,1621,88287,1974123.56,7.87,,,,,,,,,,,,,,,,,,,,,,,,,,,,,,,,,,,,,,,,,,,,,,,,,,,,,,,,,,,,,,,,,,,,,,,,,,,,,,,,,,,,,,,,,,,
573051507680340,,326517011093207,"DIY with Hometalk",,21,"01/24/2023 08:01",,,Lifetime,121720,12,74,279,53923,1061186.65,9.18,,,,,,,,,,,,,,,,,,,,,,,,,,,,,,,,,,,,,,,,,,,,,,,,,,,,,,,,,,,,,,,,,,,,,,,,,,,,,,,,,,,,,,,,,,,
875050520399666,,326517011093207,"DIY with Hometalk",,18,"01/26/2023 08:01",,,Lifetime,125668,2,89,411,44426,819217.12,7.09,,,,,,,,,,,,,,,,,,,,,,,,,,,,,,,,,,,,,,,,,,,,,,,,,,,,,,,,,,,,,,,,,,,,,,,,,,,,,,,,,,,,,,,,,,,
917419802633848,,326517011093207,"DIY with Hometalk",,19,"02/03/2023 08:02",,,Lifetime,102449,6,84,426,31875,664113.88,6.82,,,,,,,,,,,,,,,,,,,,,,,,,,,,,,,,,,,,,,,,,,,,,,,,,,,,,,,,,,,,,,,,,,,,,,,,,,,,,,,,,,,,,,,,,,,
3390667624549628,,326517011093207,"DIY with Hometalk",,25,"02/05/2023 08:02",,,Lifetime,1538806,1410,7627,17581,684661,15516079.18,11.12,,,,,,,,,,,,,,,,,,,,,,,,,,,,,,,,,,,,,,,,,,,,,,,,,,,,,,,,,,,,,,,,,,,,,,,,,,,,,,,,,,,,,,,,,,,
464658949052656,,326517011093207,"DIY with Hometalk",,13,"02/07/2023 08:02",,,Lifetime,155955,11,210,618,62835,1139622.72,7.78,,,,,,,,,,,,,,,,,,,,,,,,,,,,,,,,,,,,,,,,,,,,,,,,,,,,,,,,,,,,,,,,,,,,,,,,,,,,,,,,,,,,,,,,,,,
6499335730095507,,326517011093207,"DIY with Hometalk",,16,"02/09/2023 08:02",,,Lifetime,295700,59,337,1724,125315,2497453.82,9.39,,,,,,,,,,,,,,,,,,,,,,,,,,,,,,,,,,,,,,,,,,,,,,,,,,,,,,,,,,,,,,,,,,,,,,,,,,,,,,,,,,,,,,,,,,,
1266267404231621,,326517011093207,"DIY with Hometalk",,19,"02/11/2023 08:02",,,Lifetime,92582,9,101,392,23557,474137.84,7.5,,,,,,,,,,,,,,,,,,,,,,,,,,,,,,,,,,,,,,,,,,,,,,,,,,,,,,,,,,,,,,,,,,,,,,,,,,,,,,,,,,,,,,,,,,,
583964546583310,,326517011093207,"DIY with Hometalk",,21,"02/13/2023 08:02",,,Lifetime,112171,7,46,308,39110,842618.15,8.03,,,,,,,,,,,,,,,,,,,,,,,,,,,,,,,,,,,,,,,,,,,,,,,,,,,,,,,,,,,,,,,,,,,,,,,,,,,,,,,,,,,,,,,,,,,
581609316877549,,326517011093207,"DIY with Hometalk",,13,"02/15/2023 08:02",,,Lifetime,87430,2,30,156,25543,435232.03,5.71,,,,,,,,,,,,,,,,,,,,,,,,,,,,,,,,,,,,,,,,,,,,,,,,,,,,,,,,,,,,,,,,,,,,,,,,,,,,,,,,,,,,,,,,,,,
499409275600254,,326517011093207,"DIY with Hometalk",,17,"02/17/2023 08:02",,,Lifetime,124585,7,39,247,44701,783678.41,6.98,,,,,,,,,,,,,,,,,,,,,,,,,,,,,,,,,,,,,,,,,,,,,,,,,,,,,,,,,,,,,,,,,,,,,,,,,,,,,,,,,,,,,,,,,,,
1566167920565209,,326517011093207,"DIY with Hometalk",,16,"02/19/2023 08:02",,,Lifetime,197850,3,100,624,101059,1866297.67,9.64,,,,,,,,,,,,,,,,,,,,,,,,,,,,,,,,,,,,,,,,,,,,,,,,,,,,,,,,,,,,,,,,,,,,,,,,,,,,,,,,,,,,,,,,,,,
581850390498095,,326517011093207,"DIY with Hometalk",,16,"02/21/2023 08:02",,,Lifetime,146598,7,108,449,60692,1101140.63,8.13,,,,,,,,,,,,,,,,,,,,,,,,,,,,,,,,,,,,,,,,,,,,,,,,,,,,,,,,,,,,,,,,,,,,,,,,,,,,,,,,,,,,,,,,,,,
1233220197541719,,326517011093207,"DIY with Hometalk",,17,"02/23/2023 08:02",,,Lifetime,162016,9,347,941,69788,1408168.56,9.08,,,,,,,,,,,,,,,,,,,,,,,,,,,,,,,,,,,,,,,,,,,,,,,,,,,,,,,,,,,,,,,,,,,,,,,,,,,,,,,,,,,,,,,,,,,
537335911836715,,326517011093207,"DIY with Hometalk",,10,"02/24/2023 08:02",,,Lifetime,139575,11,45,249,58687,861116.09,6.57,,,,,,,,,,,,,,,,,,,,,,,,,,,,,,,,,,,,,,,,,,,,,,,,,,,,,,,,,,,,,,,,,,,,,,,,,,,,,,,,,,,,,,,,,,,
2371287489713262,,326517011093207,"DIY with Hometalk",,19,"02/26/2023 08:02",,,Lifetime,172348,3,25,251,67087,1326652.77,7.89,,,,,,,,,,,,,,,,,,,,,,,,,,,,,,,,,,,,,,,,,,,,,,,,,,,,,,,,,,,,,,,,,,,,,,,,,,,,,,,,,,,,,,,,,,,
1345052062951281,,326517011093207,"DIY with Hometalk",,21,"02/28/2023 08:02",,,Lifetime,127719,9,151,797,52575,1152599.97,9.23,,,,,,,,,,,,,,,,,,,,,,,,,,,,,,,,,,,,,,,,,,,,,,,,,,,,,,,,,,,,,,,,,,,,,,,,,,,,,,,,,,,,,,,,,,,
1642264649542452,,326517011093207,"DIY with Hometalk",,16,"03/02/2023 08:03",,,Lifetime,70720,4,44,193,21571,401147.76,5.75,,,,,,,,,,,,,,,,,,,,,,,,,,,,,,,,,,,,,,,,,,,,,,,,,,,,,,,,,,,,,,,,,,,,,,,,,,,,,,,,,,,,,,,,,,,
695401592364463,,326517011093207,"DIY with Hometalk",,11,"03/04/2023 08:03",,,Lifetime,1539389,1062,5937,16382,715611,14403471.15,10.7,,,,,,,,,,,,,,,,,,,,,,,,,,,,,,,,,,,,,,,,,,,,,,,,,,,,,,,,,,,,,,,,,,,,,,,,,,,,,,,,,,,,,,,,,,,
466328155620061,,326517011093207,"DIY with Hometalk",,24,"03/06/2023 08:03",,,Lifetime,106071,8,9,117,31916,583453.73,6.01,,,,,,,,,,,,,,,,,,,,,,,,,,,,,,,,,,,,,,,,,,,,,,,,,,,,,,,,,,,,,,,,,,,,,,,,,,,,,,,,,,,,,,,,,,,
1615018992254649,,326517011093207,"DIY with Hometalk",,13,"03/08/2023 08:03",,,Lifetime,144458,21,98,466,44496,817789.46,5.95,,,,,,,,,,,,,,,,,,,,,,,,,,,,,,,,,,,,,,,,,,,,,,,,,,,,,,,,,,,,,,,,,,,,,,,,,,,,,,,,,,,,,,,,,,,
564974265394321,,326517011093207,"DIY with Hometalk",,18,"03/10/2023 08:03",,,Lifetime,81040,2,11,68,26180,543183.33,6.96,,,,,,,,,,,,,,,,,,,,,,,,,,,,,,,,,,,,,,,,,,,,,,,,,,,,,,,,,,,,,,,,,,,,,,,,,,,,,,,,,,,,,,,,,,,
762832101865864,,326517011093207,"DIY with Hometalk",,18,"03/12/2023 08:03",,,Lifetime,46036,2,83,178,16684,316259.9,7.44,,,,,,,,,,,,,,,,,,,,,,,,,,,,,,,,,,,,,,,,,,,,,,,,,,,,,,,,,,,,,,,,,,,,,,,,,,,,,,,,,,,,,,,,,,,
107800365574041,,326517011093207,"DIY with Hometalk",,27,"03/14/2023 08:03",,,Lifetime,411709,332,2427,5583,199203,4955515,11.15,,,,,,,,,,,,,,,,,,,,,,,,,,,,,,,,,,,,,,,,,,,,,,,,,,,,,,,,,,,,,,,,,,,,,,,,,,,,,,,,,,,,,,,,,,,
606814384194983,,326517011093207,"DIY with Hometalk",,18,"03/16/2023 08:03",,,Lifetime,128556,7,40,214,51167,878771.69,7.06,,,,,,,,,,,,,,,,,,,,,,,,,,,,,,,,,,,,,,,,,,,,,,,,,,,,,,,,,,,,,,,,,,,,,,,,,,,,,,,,,,,,,,,,,,,
781967106820963,,326517011093207,"DIY with Hometalk",,17,"03/18/2023 08:03",,,Lifetime,131688,7,29,145,46424,992111.37,7.79,,,,,,,,,,,,,,,,,,,,,,,,,,,,,,,,,,,,,,,,,,,,,,,,,,,,,,,,,,,,,,,,,,,,,,,,,,,,,,,,,,,,,,,,,,,
3597874947102367,,326517011093207,"DIY with Hometalk",,27,"03/21/2023 08:03",,,Lifetime,203977,35,306,586,78330,1834437.38,9.15,,,,,,,,,,,,,,,,,,,,,,,,,,,,,,,,,,,,,,,,,,,,,,,,,,,,,,,,,,,,,,,,,,,,,,,,,,,,,,,,,,,,,,,,,,,
560542839389745,,326517011093207,"DIY with Hometalk",,14,"03/23/2023 08:03",,,Lifetime,137516,15,217,538,55489,910714.71,6.35,,,,,,,,,,,,,,,,,,,,,,,,,,,,,,,,,,,,,,,,,,,,,,,,,,,,,,,,,,,,,,,,,,,,,,,,,,,,,,,,,,,,,,,,,,,
528135999400505,,326517011093207,"DIY with Hometalk",,16,"03/25/2023 08:03",,,Lifetime,842608,103,1000,3522,305103,5563866.48,8.53,,,,,,,,,,,,,,,,,,,,,,,,,,,,,,,,,,,,,,,,,,,,,,,,,,,,,,,,,,,,,,,,,,,,,,,,,,,,,,,,,,,,,,,,,,,
911608673440697,,326517011093207,"DIY with Hometalk",,36,"03/27/2023 08:03",,,Lifetime,98411,6,16,136,23403,565273.63,6.1,,,,,,,,,,,,,,,,,,,,,,,,,,,,,,,,,,,,,,,,,,,,,,,,,,,,,,,,,,,,,,,,,,,,,,,,,,,,,,,,,,,,,,,,,,,
749418950178550,,326517011093207,"DIY with Hometalk",,18,"03/29/2023 08:03",,,Lifetime,123923,23,18,101,45277,827125.87,7.02,,,,,,,,,,,,,,,,,,,,,,,,,,,,,,,,,,,,,,,,,,,,,,,,,,,,,,,,,,,,,,,,,,,,,,,,,,,,,,,,,,,,,,,,,,,
1219173812040577,,326517011093207,"DIY with Hometalk",,24,"03/31/2023 08:03",,,Lifetime,169321,3,32,255,77383,1805525.4,10.92,,,,,,,,,,,,,,,,,,,,,,,,,,,,,,,,,,,,,,,,,,,,,,,,,,,,,,,,,,,,,,,,,,,,,,,,,,,,,,,,,,,,,,,,,,,
1401261110281344,,326517011093207,"DIY with Hometalk","Top 5 makeover ideas of 2022!",182,"01/02/2023 10:01",,,Lifetime,176798,6,153,594,53287,2263357.05,14.7,105,529,9,38,1286,12540,1183,12843,965,10834,789,7833,463,3474,4800,48091,11711,11711,180162,13944,14134,11874,8687,3959,642,47,25980,2903,2701,2028,1160,2624,992,735,1502,598,895,1019,618,432,623,414,350,320,263,122,459,305,290,211,85,151,201,253,,,340,144,,,158,264,212,352,123,143,,,,,73,673,,174,,87,79,74,77,,78,75,,,,,,,,,
